--
-- PostgreSQL database dump
--

SET statement_timeout = 0;
SET lock_timeout = 0;
SET client_encoding = 'UTF8';
SET standard_conforming_strings = on;
SELECT pg_catalog.set_config('search_path', '', false);
SET check_function_bodies = false;
SET client_min_messages = warning;

--
-- Name: smashlounge; Type: SCHEMA; Schema: -; Owner: postgres
--

CREATE SCHEMA smashlounge;


ALTER SCHEMA smashlounge OWNER TO postgres;

--
-- Name: plpgsql; Type: EXTENSION; Schema: -; Owner: 
--

CREATE EXTENSION IF NOT EXISTS plpgsql WITH SCHEMA pg_catalog;


--
-- Name: EXTENSION plpgsql; Type: COMMENT; Schema: -; Owner: 
--

COMMENT ON EXTENSION plpgsql IS 'PL/pgSQL procedural language';


SET default_tablespace = '';

SET default_with_oids = false;

--
-- Name: attacks; Type: TABLE; Schema: smashlounge; Owner: postgres; Tablespace: 
--

CREATE TABLE smashlounge.attacks (
    id bigint NOT NULL,
    charid bigint NOT NULL,
    gameid bigint NOT NULL,
    game_ver bigint NOT NULL,
    gif_id bigint NOT NULL,
    input_type bigint NOT NULL,
    input_dir bigint NOT NULL,
    seq_num bigint NOT NULL,
    seq_dir bigint NOT NULL,
    description character varying(450) NOT NULL,
    inputs character varying(450) NOT NULL,
    links_to bigint NOT NULL,
    links_from bigint NOT NULL,
    movetype bigint NOT NULL,
    total_frames bigint NOT NULL,
    active_start bigint NOT NULL,
    active_end bigint NOT NULL,
    hit_start bigint NOT NULL,
    hit_end bigint NOT NULL,
    hit_second_start bigint NOT NULL,
    hit_second_end bigint NOT NULL,
    hit_third_start bigint NOT NULL,
    hit_third_end bigint NOT NULL,
    hit_fourth_start bigint NOT NULL,
    hit_fourth_end bigint NOT NULL,
    iasa bigint NOT NULL,
    charge_frame bigint NOT NULL,
    invincible_start bigint NOT NULL,
    invincible_end bigint NOT NULL,
    landlag bigint NOT NULL,
    lcancel bigint NOT NULL,
    auto_cancelable boolean NOT NULL,
    auto_cancel_start bigint NOT NULL,
    auto_cancel_end bigint NOT NULL,
    grab_start bigint NOT NULL,
    grab_end bigint NOT NULL,
    lag_on_release bigint NOT NULL,
    reflects boolean NOT NULL,
    reflect_start bigint NOT NULL,
    reflect_end bigint NOT NULL,
    reflection_lag bigint NOT NULL,
    jcable boolean NOT NULL,
    grounded boolean NOT NULL,
    misc character varying(255) NOT NULL,
    created_at timestamp with time zone,
    updated_at timestamp with time zone
);


ALTER TABLE smashlounge.attacks OWNER TO postgres;

--
-- Name: attacks_id_seq; Type: SEQUENCE; Schema: smashlounge; Owner: postgres
--

CREATE SEQUENCE smashlounge.attacks_id_seq
    START WITH 1
    INCREMENT BY 1
    NO MINVALUE
    NO MAXVALUE
    CACHE 1;


ALTER TABLE smashlounge.attacks_id_seq OWNER TO postgres;

--
-- Name: attacks_id_seq; Type: SEQUENCE OWNED BY; Schema: smashlounge; Owner: postgres
--

ALTER SEQUENCE smashlounge.attacks_id_seq OWNED BY smashlounge.attacks.id;


--
-- Name: charinfo; Type: TABLE; Schema: smashlounge; Owner: postgres; Tablespace: 
--

CREATE TABLE smashlounge.charinfo (
    id bigint NOT NULL,
    name character varying(30) NOT NULL,
    tierdata bigint,
    weight character varying(11) NOT NULL,
    fallspeed character varying(11) NOT NULL,
    walljump boolean NOT NULL,
    guide character varying(500) NOT NULL,
    game bigint NOT NULL
);


ALTER TABLE smashlounge.charinfo OWNER TO postgres;

--
-- Name: charinfo_id_seq; Type: SEQUENCE; Schema: smashlounge; Owner: postgres
--

CREATE SEQUENCE smashlounge.charinfo_id_seq
    START WITH 1
    INCREMENT BY 1
    NO MINVALUE
    NO MAXVALUE
    CACHE 1;


ALTER TABLE smashlounge.charinfo_id_seq OWNER TO postgres;

--
-- Name: charinfo_id_seq; Type: SEQUENCE OWNED BY; Schema: smashlounge; Owner: postgres
--

ALTER SEQUENCE smashlounge.charinfo_id_seq OWNED BY smashlounge.charinfo.id;


--
-- Name: chartech; Type: TABLE; Schema: smashlounge; Owner: postgres; Tablespace: 
--

CREATE TABLE smashlounge.chartech (
    id bigint NOT NULL,
    charid bigint NOT NULL,
    techid bigint NOT NULL
);


ALTER TABLE smashlounge.chartech OWNER TO postgres;

--
-- Name: chartech_id_seq; Type: SEQUENCE; Schema: smashlounge; Owner: postgres
--

CREATE SEQUENCE smashlounge.chartech_id_seq
    START WITH 1
    INCREMENT BY 1
    NO MINVALUE
    NO MAXVALUE
    CACHE 1;


ALTER TABLE smashlounge.chartech_id_seq OWNER TO postgres;

--
-- Name: chartech_id_seq; Type: SEQUENCE OWNED BY; Schema: smashlounge; Owner: postgres
--

ALTER SEQUENCE smashlounge.chartech_id_seq OWNED BY smashlounge.chartech.id;


--
-- Name: framedatajson; Type: TABLE; Schema: smashlounge; Owner: postgres; Tablespace: 
--

CREATE TABLE smashlounge.framedatajson (
    id bigint NOT NULL,
    gifid bigint NOT NULL,
    json_text text NOT NULL
);


ALTER TABLE smashlounge.framedatajson OWNER TO postgres;

--
-- Name: framedatajson_id_seq; Type: SEQUENCE; Schema: smashlounge; Owner: postgres
--

CREATE SEQUENCE smashlounge.framedatajson_id_seq
    START WITH 1
    INCREMENT BY 1
    NO MINVALUE
    NO MAXVALUE
    CACHE 1;


ALTER TABLE smashlounge.framedatajson_id_seq OWNER TO postgres;

--
-- Name: framedatajson_id_seq; Type: SEQUENCE OWNED BY; Schema: smashlounge; Owner: postgres
--

ALTER SEQUENCE smashlounge.framedatajson_id_seq OWNED BY smashlounge.framedatajson.id;


--
-- Name: framedatamoves; Type: TABLE; Schema: smashlounge; Owner: postgres; Tablespace: 
--

CREATE TABLE smashlounge.framedatamoves (
    id bigint NOT NULL,
    name character varying(90) NOT NULL,
    description character varying(130) NOT NULL
);


ALTER TABLE smashlounge.framedatamoves OWNER TO postgres;

--
-- Name: framedatamoves_id_seq; Type: SEQUENCE; Schema: smashlounge; Owner: postgres
--

CREATE SEQUENCE smashlounge.framedatamoves_id_seq
    START WITH 1
    INCREMENT BY 1
    NO MINVALUE
    NO MAXVALUE
    CACHE 1;


ALTER TABLE smashlounge.framedatamoves_id_seq OWNER TO postgres;

--
-- Name: framedatamoves_id_seq; Type: SEQUENCE OWNED BY; Schema: smashlounge; Owner: postgres
--

ALTER SEQUENCE smashlounge.framedatamoves_id_seq OWNED BY smashlounge.framedatamoves.id;


--
-- Name: friends; Type: TABLE; Schema: smashlounge; Owner: postgres; Tablespace: 
--

CREATE TABLE smashlounge.friends (
    id bigint NOT NULL,
    myid bigint NOT NULL,
    friendid bigint NOT NULL
);


ALTER TABLE smashlounge.friends OWNER TO postgres;

--
-- Name: friends_id_seq; Type: SEQUENCE; Schema: smashlounge; Owner: postgres
--

CREATE SEQUENCE smashlounge.friends_id_seq
    START WITH 1
    INCREMENT BY 1
    NO MINVALUE
    NO MAXVALUE
    CACHE 1;


ALTER TABLE smashlounge.friends_id_seq OWNER TO postgres;

--
-- Name: friends_id_seq; Type: SEQUENCE OWNED BY; Schema: smashlounge; Owner: postgres
--

ALTER SEQUENCE smashlounge.friends_id_seq OWNED BY smashlounge.friends.id;


--
-- Name: gifs; Type: TABLE; Schema: smashlounge; Owner: postgres; Tablespace: 
--

CREATE TABLE smashlounge.gifs (
    id bigint NOT NULL,
    typeid bigint DEFAULT 1::bigint NOT NULL,
    dataid bigint DEFAULT 0::bigint NOT NULL,
    source character varying(260) NOT NULL,
    submittedby bigint NOT NULL,
    url character varying(300) NOT NULL,
    description character varying(400) NOT NULL,
    score bigint NOT NULL,
    created_at timestamp with time zone,
    updated_at timestamp with time zone
);


ALTER TABLE smashlounge.gifs OWNER TO postgres;

--
-- Name: gifs_id_seq; Type: SEQUENCE; Schema: smashlounge; Owner: postgres
--

CREATE SEQUENCE smashlounge.gifs_id_seq
    START WITH 1
    INCREMENT BY 1
    NO MINVALUE
    NO MAXVALUE
    CACHE 1;


ALTER TABLE smashlounge.gifs_id_seq OWNER TO postgres;

--
-- Name: gifs_id_seq; Type: SEQUENCE OWNED BY; Schema: smashlounge; Owner: postgres
--

ALTER SEQUENCE smashlounge.gifs_id_seq OWNED BY smashlounge.gifs.id;


--
-- Name: gifvotes; Type: TABLE; Schema: smashlounge; Owner: postgres; Tablespace: 
--

CREATE TABLE smashlounge.gifvotes (
    id bigint NOT NULL,
    gifid bigint NOT NULL,
    voterid bigint NOT NULL,
    direction boolean NOT NULL
);


ALTER TABLE smashlounge.gifvotes OWNER TO postgres;

--
-- Name: gifvotes_id_seq; Type: SEQUENCE; Schema: smashlounge; Owner: postgres
--

CREATE SEQUENCE smashlounge.gifvotes_id_seq
    START WITH 1
    INCREMENT BY 1
    NO MINVALUE
    NO MAXVALUE
    CACHE 1;


ALTER TABLE smashlounge.gifvotes_id_seq OWNER TO postgres;

--
-- Name: gifvotes_id_seq; Type: SEQUENCE OWNED BY; Schema: smashlounge; Owner: postgres
--

ALTER SEQUENCE smashlounge.gifvotes_id_seq OWNED BY smashlounge.gifvotes.id;


--
-- Name: groups; Type: TABLE; Schema: smashlounge; Owner: postgres; Tablespace: 
--

CREATE TABLE smashlounge.groups (
    id bigint NOT NULL,
    name character varying(255) NOT NULL,
    permissions text,
    created_at timestamp with time zone,
    updated_at timestamp with time zone
);


ALTER TABLE smashlounge.groups OWNER TO postgres;

--
-- Name: groups_id_seq; Type: SEQUENCE; Schema: smashlounge; Owner: postgres
--

CREATE SEQUENCE smashlounge.groups_id_seq
    START WITH 1
    INCREMENT BY 1
    NO MINVALUE
    NO MAXVALUE
    CACHE 1;


ALTER TABLE smashlounge.groups_id_seq OWNER TO postgres;

--
-- Name: groups_id_seq; Type: SEQUENCE OWNED BY; Schema: smashlounge; Owner: postgres
--

ALTER SEQUENCE smashlounge.groups_id_seq OWNED BY smashlounge.groups.id;


--
-- Name: guide_bodies; Type: TABLE; Schema: smashlounge; Owner: postgres; Tablespace: 
--

CREATE TABLE smashlounge.guide_bodies (
    id bigint NOT NULL,
    created_at timestamp with time zone,
    updated_at timestamp with time zone
);


ALTER TABLE smashlounge.guide_bodies OWNER TO postgres;

--
-- Name: guide_bodies_id_seq; Type: SEQUENCE; Schema: smashlounge; Owner: postgres
--

CREATE SEQUENCE smashlounge.guide_bodies_id_seq
    START WITH 1
    INCREMENT BY 1
    NO MINVALUE
    NO MAXVALUE
    CACHE 1;


ALTER TABLE smashlounge.guide_bodies_id_seq OWNER TO postgres;

--
-- Name: guide_bodies_id_seq; Type: SEQUENCE OWNED BY; Schema: smashlounge; Owner: postgres
--

ALTER SEQUENCE smashlounge.guide_bodies_id_seq OWNED BY smashlounge.guide_bodies.id;


--
-- Name: guidebody; Type: TABLE; Schema: smashlounge; Owner: postgres; Tablespace: 
--

CREATE TABLE smashlounge.guidebody (
    id bigint NOT NULL,
    guideid bigint NOT NULL,
    section_num bigint NOT NULL,
    section_head character varying(255) NOT NULL,
    section_body character varying(255) NOT NULL,
    section_foot character varying(255) NOT NULL,
    gifid bigint NOT NULL,
    created_at timestamp with time zone,
    updated_at timestamp with time zone
);


ALTER TABLE smashlounge.guidebody OWNER TO postgres;

--
-- Name: guidebody_id_seq; Type: SEQUENCE; Schema: smashlounge; Owner: postgres
--

CREATE SEQUENCE smashlounge.guidebody_id_seq
    START WITH 1
    INCREMENT BY 1
    NO MINVALUE
    NO MAXVALUE
    CACHE 1;


ALTER TABLE smashlounge.guidebody_id_seq OWNER TO postgres;

--
-- Name: guidebody_id_seq; Type: SEQUENCE OWNED BY; Schema: smashlounge; Owner: postgres
--

ALTER SEQUENCE smashlounge.guidebody_id_seq OWNED BY smashlounge.guidebody.id;


--
-- Name: guides; Type: TABLE; Schema: smashlounge; Owner: postgres; Tablespace: 
--

CREATE TABLE smashlounge.guides (
    id bigint NOT NULL,
    name character varying(255) NOT NULL,
    slug character varying(255) NOT NULL,
    typeid bigint NOT NULL,
    dataid bigint NOT NULL,
    description character varying(255) NOT NULL,
    author1_sponsor character varying(255) NOT NULL,
    author1_name character varying(255) NOT NULL,
    author1_twitter character varying(255) NOT NULL,
    author2_sponsor character varying(255) NOT NULL,
    author2_name character varying(255) NOT NULL,
    author2_twitter character varying(255) NOT NULL,
    created_at timestamp with time zone,
    updated_at timestamp with time zone
);


ALTER TABLE smashlounge.guides OWNER TO postgres;

--
-- Name: guides_id_seq; Type: SEQUENCE; Schema: smashlounge; Owner: postgres
--

CREATE SEQUENCE smashlounge.guides_id_seq
    START WITH 1
    INCREMENT BY 1
    NO MINVALUE
    NO MAXVALUE
    CACHE 1;


ALTER TABLE smashlounge.guides_id_seq OWNER TO postgres;

--
-- Name: guides_id_seq; Type: SEQUENCE OWNED BY; Schema: smashlounge; Owner: postgres
--

ALTER SEQUENCE smashlounge.guides_id_seq OWNED BY smashlounge.guides.id;


--
-- Name: locals; Type: TABLE; Schema: smashlounge; Owner: postgres; Tablespace: 
--

CREATE TABLE smashlounge.locals (
    id bigint NOT NULL,
    region bigint,
    profileid character varying(130),
    name character varying(44),
    latitude numeric(10,7),
    longitude numeric(11,7),
    game bigint,
    created_at timestamp with time zone,
    updated_at timestamp with time zone
);


ALTER TABLE smashlounge.locals OWNER TO postgres;

--
-- Name: locals_id_seq; Type: SEQUENCE; Schema: smashlounge; Owner: postgres
--

CREATE SEQUENCE smashlounge.locals_id_seq
    START WITH 1
    INCREMENT BY 1
    NO MINVALUE
    NO MAXVALUE
    CACHE 1;


ALTER TABLE smashlounge.locals_id_seq OWNER TO postgres;

--
-- Name: locals_id_seq; Type: SEQUENCE OWNED BY; Schema: smashlounge; Owner: postgres
--

ALTER SEQUENCE smashlounge.locals_id_seq OWNED BY smashlounge.locals.id;


--
-- Name: migrations; Type: TABLE; Schema: smashlounge; Owner: postgres; Tablespace: 
--

CREATE TABLE smashlounge.migrations (
    migration character varying(255) NOT NULL,
    batch bigint NOT NULL
);


ALTER TABLE smashlounge.migrations OWNER TO postgres;

--
-- Name: moves; Type: TABLE; Schema: smashlounge; Owner: postgres; Tablespace: 
--

CREATE TABLE smashlounge.moves (
    id bigint NOT NULL,
    name character varying(35) NOT NULL
);


ALTER TABLE smashlounge.moves OWNER TO postgres;

--
-- Name: moves_id_seq; Type: SEQUENCE; Schema: smashlounge; Owner: postgres
--

CREATE SEQUENCE smashlounge.moves_id_seq
    START WITH 1
    INCREMENT BY 1
    NO MINVALUE
    NO MAXVALUE
    CACHE 1;


ALTER TABLE smashlounge.moves_id_seq OWNER TO postgres;

--
-- Name: moves_id_seq; Type: SEQUENCE OWNED BY; Schema: smashlounge; Owner: postgres
--

ALTER SEQUENCE smashlounge.moves_id_seq OWNED BY smashlounge.moves.id;


--
-- Name: password_resets; Type: TABLE; Schema: smashlounge; Owner: postgres; Tablespace: 
--

CREATE TABLE smashlounge.password_resets (
    email character varying(255) NOT NULL,
    token character varying(255) NOT NULL,
    created_at timestamp with time zone
);


ALTER TABLE smashlounge.password_resets OWNER TO postgres;

--
-- Name: permission_role; Type: TABLE; Schema: smashlounge; Owner: postgres; Tablespace: 
--

CREATE TABLE smashlounge.permission_role (
    permission_id bigint NOT NULL,
    role_id bigint NOT NULL
);


ALTER TABLE smashlounge.permission_role OWNER TO postgres;

--
-- Name: permissions; Type: TABLE; Schema: smashlounge; Owner: postgres; Tablespace: 
--

CREATE TABLE smashlounge.permissions (
    id bigint NOT NULL,
    name character varying(255) NOT NULL,
    display_name character varying(255),
    description character varying(255),
    created_at timestamp with time zone,
    updated_at timestamp with time zone
);


ALTER TABLE smashlounge.permissions OWNER TO postgres;

--
-- Name: permissions_id_seq; Type: SEQUENCE; Schema: smashlounge; Owner: postgres
--

CREATE SEQUENCE smashlounge.permissions_id_seq
    START WITH 1
    INCREMENT BY 1
    NO MINVALUE
    NO MAXVALUE
    CACHE 1;


ALTER TABLE smashlounge.permissions_id_seq OWNER TO postgres;

--
-- Name: permissions_id_seq; Type: SEQUENCE OWNED BY; Schema: smashlounge; Owner: postgres
--

ALTER SEQUENCE smashlounge.permissions_id_seq OWNED BY smashlounge.permissions.id;


--
-- Name: players; Type: TABLE; Schema: smashlounge; Owner: postgres; Tablespace: 
--

CREATE TABLE smashlounge.players (
    id bigint NOT NULL,
    name character varying(255) NOT NULL,
    sponsor character varying(255) NOT NULL,
    "desc" character varying(255) NOT NULL,
    rank bigint NOT NULL,
    garpr character varying(255) NOT NULL,
    region character varying(255) NOT NULL
);


ALTER TABLE smashlounge.players OWNER TO postgres;

--
-- Name: players_id_seq; Type: SEQUENCE; Schema: smashlounge; Owner: postgres
--

CREATE SEQUENCE smashlounge.players_id_seq
    START WITH 1
    INCREMENT BY 1
    NO MINVALUE
    NO MAXVALUE
    CACHE 1;


ALTER TABLE smashlounge.players_id_seq OWNER TO postgres;

--
-- Name: players_id_seq; Type: SEQUENCE OWNED BY; Schema: smashlounge; Owner: postgres
--

ALTER SEQUENCE smashlounge.players_id_seq OWNED BY smashlounge.players.id;


--
-- Name: role_user; Type: TABLE; Schema: smashlounge; Owner: postgres; Tablespace: 
--

CREATE TABLE smashlounge.role_user (
    user_id bigint NOT NULL,
    role_id bigint NOT NULL
);


ALTER TABLE smashlounge.role_user OWNER TO postgres;

--
-- Name: roles; Type: TABLE; Schema: smashlounge; Owner: postgres; Tablespace: 
--

CREATE TABLE smashlounge.roles (
    id bigint NOT NULL,
    name character varying(255) NOT NULL,
    display_name character varying(255),
    description character varying(255),
    created_at timestamp with time zone,
    updated_at timestamp with time zone
);


ALTER TABLE smashlounge.roles OWNER TO postgres;

--
-- Name: roles_id_seq; Type: SEQUENCE; Schema: smashlounge; Owner: postgres
--

CREATE SEQUENCE smashlounge.roles_id_seq
    START WITH 1
    INCREMENT BY 1
    NO MINVALUE
    NO MAXVALUE
    CACHE 1;


ALTER TABLE smashlounge.roles_id_seq OWNER TO postgres;

--
-- Name: roles_id_seq; Type: SEQUENCE OWNED BY; Schema: smashlounge; Owner: postgres
--

ALTER SEQUENCE smashlounge.roles_id_seq OWNED BY smashlounge.roles.id;


--
-- Name: submissions; Type: TABLE; Schema: smashlounge; Owner: postgres; Tablespace: 
--

CREATE TABLE smashlounge.submissions (
    id bigint NOT NULL,
    url character varying(300) NOT NULL,
    source character varying(30) NOT NULL,
    description character varying(300) NOT NULL,
    pageid bigint NOT NULL,
    dataid bigint NOT NULL,
    created_at timestamp with time zone,
    updated_at timestamp with time zone
);


ALTER TABLE smashlounge.submissions OWNER TO postgres;

--
-- Name: submissions_id_seq; Type: SEQUENCE; Schema: smashlounge; Owner: postgres
--

CREATE SEQUENCE smashlounge.submissions_id_seq
    START WITH 1
    INCREMENT BY 1
    NO MINVALUE
    NO MAXVALUE
    CACHE 1;


ALTER TABLE smashlounge.submissions_id_seq OWNER TO postgres;

--
-- Name: submissions_id_seq; Type: SEQUENCE OWNED BY; Schema: smashlounge; Owner: postgres
--

ALTER SEQUENCE smashlounge.submissions_id_seq OWNED BY smashlounge.submissions.id;


--
-- Name: submissionsgroup; Type: TABLE; Schema: smashlounge; Owner: postgres; Tablespace: 
--

CREATE TABLE smashlounge.submissionsgroup (
    id bigint NOT NULL,
    name character varying(130) NOT NULL,
    facebook character varying(290) NOT NULL,
    latitude double precision NOT NULL,
    longitude double precision NOT NULL,
    region bigint DEFAULT 0::bigint NOT NULL,
    game bigint DEFAULT 0::bigint NOT NULL,
    created_at timestamp with time zone,
    updated_at timestamp with time zone
);


ALTER TABLE smashlounge.submissionsgroup OWNER TO postgres;

--
-- Name: submissionsgroup_id_seq; Type: SEQUENCE; Schema: smashlounge; Owner: postgres
--

CREATE SEQUENCE smashlounge.submissionsgroup_id_seq
    START WITH 1
    INCREMENT BY 1
    NO MINVALUE
    NO MAXVALUE
    CACHE 1;


ALTER TABLE smashlounge.submissionsgroup_id_seq OWNER TO postgres;

--
-- Name: submissionsgroup_id_seq; Type: SEQUENCE OWNED BY; Schema: smashlounge; Owner: postgres
--

ALTER SEQUENCE smashlounge.submissionsgroup_id_seq OWNED BY smashlounge.submissionsgroup.id;


--
-- Name: submissionstech; Type: TABLE; Schema: smashlounge; Owner: postgres; Tablespace: 
--

CREATE TABLE smashlounge.submissionstech (
    id bigint NOT NULL,
    name character varying(90) NOT NULL,
    description character varying(650) NOT NULL,
    ssbwiki character varying(255) NOT NULL,
    created_at timestamp with time zone,
    updated_at timestamp with time zone
);


ALTER TABLE smashlounge.submissionstech OWNER TO postgres;

--
-- Name: submissionstech_id_seq; Type: SEQUENCE; Schema: smashlounge; Owner: postgres
--

CREATE SEQUENCE smashlounge.submissionstech_id_seq
    START WITH 1
    INCREMENT BY 1
    NO MINVALUE
    NO MAXVALUE
    CACHE 1;


ALTER TABLE smashlounge.submissionstech_id_seq OWNER TO postgres;

--
-- Name: submissionstech_id_seq; Type: SEQUENCE OWNED BY; Schema: smashlounge; Owner: postgres
--

ALTER SEQUENCE smashlounge.submissionstech_id_seq OWNED BY smashlounge.submissionstech.id;


--
-- Name: submissionstournament; Type: TABLE; Schema: smashlounge; Owner: postgres; Tablespace: 
--

CREATE TABLE smashlounge.submissionstournament (
    id bigint NOT NULL,
    title character varying(90) NOT NULL,
    fb_id bigint NOT NULL,
    bracket character varying(150) NOT NULL,
    start date NOT NULL,
    "end" date NOT NULL,
    first character varying(90) NOT NULL,
    second character varying(90) NOT NULL,
    third character varying(90) NOT NULL,
    stream character varying(45) NOT NULL,
    attending bigint NOT NULL,
    location character varying(50) NOT NULL,
    host character varying(65) NOT NULL,
    created_at timestamp with time zone,
    updated_at timestamp with time zone
);


ALTER TABLE smashlounge.submissionstournament OWNER TO postgres;

--
-- Name: submissionstournament_id_seq; Type: SEQUENCE; Schema: smashlounge; Owner: postgres
--

CREATE SEQUENCE smashlounge.submissionstournament_id_seq
    START WITH 1
    INCREMENT BY 1
    NO MINVALUE
    NO MAXVALUE
    CACHE 1;


ALTER TABLE smashlounge.submissionstournament_id_seq OWNER TO postgres;

--
-- Name: submissionstournament_id_seq; Type: SEQUENCE OWNED BY; Schema: smashlounge; Owner: postgres
--

ALTER SEQUENCE smashlounge.submissionstournament_id_seq OWNED BY smashlounge.submissionstournament.id;


--
-- Name: submissionsvod; Type: TABLE; Schema: smashlounge; Owner: postgres; Tablespace: 
--

CREATE TABLE smashlounge.submissionsvod (
    id bigint NOT NULL,
    url character varying(260) NOT NULL,
    title character varying(130) NOT NULL,
    credit character varying(160) NOT NULL,
    typeid bigint NOT NULL,
    dataid bigint NOT NULL,
    description character varying(260) NOT NULL,
    created_at timestamp with time zone,
    updated_at timestamp with time zone
);


ALTER TABLE smashlounge.submissionsvod OWNER TO postgres;

--
-- Name: submissionsvod_id_seq; Type: SEQUENCE; Schema: smashlounge; Owner: postgres
--

CREATE SEQUENCE smashlounge.submissionsvod_id_seq
    START WITH 1
    INCREMENT BY 1
    NO MINVALUE
    NO MAXVALUE
    CACHE 1;


ALTER TABLE smashlounge.submissionsvod_id_seq OWNER TO postgres;

--
-- Name: submissionsvod_id_seq; Type: SEQUENCE OWNED BY; Schema: smashlounge; Owner: postgres
--

ALTER SEQUENCE smashlounge.submissionsvod_id_seq OWNED BY smashlounge.submissionsvod.id;


--
-- Name: techs; Type: TABLE; Schema: smashlounge; Owner: postgres; Tablespace: 
--

CREATE TABLE smashlounge.techs (
    id bigint NOT NULL,
    tech character varying(32) NOT NULL,
    description character varying(400) NOT NULL,
    smashwiki character varying(255) NOT NULL,
    inputs character varying(100) NOT NULL,
    created_at timestamp with time zone,
    updated_at timestamp with time zone
);


ALTER TABLE smashlounge.techs OWNER TO postgres;

--
-- Name: techs_id_seq; Type: SEQUENCE; Schema: smashlounge; Owner: postgres
--

CREATE SEQUENCE smashlounge.techs_id_seq
    START WITH 1
    INCREMENT BY 1
    NO MINVALUE
    NO MAXVALUE
    CACHE 1;


ALTER TABLE smashlounge.techs_id_seq OWNER TO postgres;

--
-- Name: techs_id_seq; Type: SEQUENCE OWNED BY; Schema: smashlounge; Owner: postgres
--

ALTER SEQUENCE smashlounge.techs_id_seq OWNED BY smashlounge.techs.id;


--
-- Name: throttle; Type: TABLE; Schema: smashlounge; Owner: postgres; Tablespace: 
--

CREATE TABLE smashlounge.throttle (
    id bigint NOT NULL,
    user_id bigint NOT NULL,
    ip_address character varying(255),
    attempts bigint DEFAULT 0::bigint NOT NULL,
    suspended boolean DEFAULT false NOT NULL,
    banned boolean DEFAULT false NOT NULL,
    last_attempt_at timestamp with time zone,
    suspended_at timestamp with time zone,
    banned_at timestamp with time zone
);


ALTER TABLE smashlounge.throttle OWNER TO postgres;

--
-- Name: throttle_id_seq; Type: SEQUENCE; Schema: smashlounge; Owner: postgres
--

CREATE SEQUENCE smashlounge.throttle_id_seq
    START WITH 1
    INCREMENT BY 1
    NO MINVALUE
    NO MAXVALUE
    CACHE 1;


ALTER TABLE smashlounge.throttle_id_seq OWNER TO postgres;

--
-- Name: throttle_id_seq; Type: SEQUENCE OWNED BY; Schema: smashlounge; Owner: postgres
--

ALTER SEQUENCE smashlounge.throttle_id_seq OWNED BY smashlounge.throttle.id;


--
-- Name: upcoming; Type: TABLE; Schema: smashlounge; Owner: postgres; Tablespace: 
--

CREATE TABLE smashlounge.upcoming (
    id bigint NOT NULL,
    title character varying(45) NOT NULL,
    fb_id character varying(130) NOT NULL,
    bracket character varying(250) NOT NULL,
    class character varying(35) DEFAULT 'event-info'::character varying NOT NULL,
    start date NOT NULL,
    "end" date NOT NULL,
    first character varying(90) NOT NULL,
    second character varying(90) NOT NULL,
    third character varying(90) NOT NULL,
    stream character varying(90) NOT NULL,
    attending bigint NOT NULL,
    location character varying(90) NOT NULL,
    host character varying(90) NOT NULL,
    vods character varying(15) NOT NULL
);


ALTER TABLE smashlounge.upcoming OWNER TO postgres;

--
-- Name: upcoming_id_seq; Type: SEQUENCE; Schema: smashlounge; Owner: postgres
--

CREATE SEQUENCE smashlounge.upcoming_id_seq
    START WITH 1
    INCREMENT BY 1
    NO MINVALUE
    NO MAXVALUE
    CACHE 1;


ALTER TABLE smashlounge.upcoming_id_seq OWNER TO postgres;

--
-- Name: upcoming_id_seq; Type: SEQUENCE OWNED BY; Schema: smashlounge; Owner: postgres
--

ALTER SEQUENCE smashlounge.upcoming_id_seq OWNED BY smashlounge.upcoming.id;


--
-- Name: userinfo; Type: TABLE; Schema: smashlounge; Owner: postgres; Tablespace: 
--

CREATE TABLE smashlounge.userinfo (
    id bigint NOT NULL,
    image character varying(130) NOT NULL,
    facebook character varying(90) NOT NULL,
    location character varying(130) NOT NULL,
    twitch character varying(90) NOT NULL,
    userid bigint NOT NULL,
    vod character varying(130) NOT NULL,
    twitter character varying(90) NOT NULL,
    main bigint NOT NULL,
    sponsor character varying(90) NOT NULL,
    latitude double precision NOT NULL,
    longitude bigint NOT NULL,
    friendcode character varying(12) NOT NULL,
    garpr character varying(90) NOT NULL
);


ALTER TABLE smashlounge.userinfo OWNER TO postgres;

--
-- Name: userinfo_id_seq; Type: SEQUENCE; Schema: smashlounge; Owner: postgres
--

CREATE SEQUENCE smashlounge.userinfo_id_seq
    START WITH 1
    INCREMENT BY 1
    NO MINVALUE
    NO MAXVALUE
    CACHE 1;


ALTER TABLE smashlounge.userinfo_id_seq OWNER TO postgres;

--
-- Name: userinfo_id_seq; Type: SEQUENCE OWNED BY; Schema: smashlounge; Owner: postgres
--

ALTER SEQUENCE smashlounge.userinfo_id_seq OWNED BY smashlounge.userinfo.id;


--
-- Name: users; Type: TABLE; Schema: smashlounge; Owner: postgres; Tablespace: 
--

CREATE TABLE smashlounge.users (
    id bigint NOT NULL,
    name character varying(255) NOT NULL,
    email character varying(255) NOT NULL,
    password character varying(60) NOT NULL,
    remember_token character varying(100),
    created_at timestamp with time zone,
    updated_at timestamp with time zone
);


ALTER TABLE smashlounge.users OWNER TO postgres;

--
-- Name: users_groups; Type: TABLE; Schema: smashlounge; Owner: postgres; Tablespace: 
--

CREATE TABLE smashlounge.users_groups (
    id bigint NOT NULL,
    user_id bigint NOT NULL,
    group_id bigint NOT NULL
);


ALTER TABLE smashlounge.users_groups OWNER TO postgres;

--
-- Name: users_groups_id_seq; Type: SEQUENCE; Schema: smashlounge; Owner: postgres
--

CREATE SEQUENCE smashlounge.users_groups_id_seq
    START WITH 1
    INCREMENT BY 1
    NO MINVALUE
    NO MAXVALUE
    CACHE 1;


ALTER TABLE smashlounge.users_groups_id_seq OWNER TO postgres;

--
-- Name: users_groups_id_seq; Type: SEQUENCE OWNED BY; Schema: smashlounge; Owner: postgres
--

ALTER SEQUENCE smashlounge.users_groups_id_seq OWNED BY smashlounge.users_groups.id;


--
-- Name: users_id_seq; Type: SEQUENCE; Schema: smashlounge; Owner: postgres
--

CREATE SEQUENCE smashlounge.users_id_seq
    START WITH 1
    INCREMENT BY 1
    NO MINVALUE
    NO MAXVALUE
    CACHE 1;


ALTER TABLE smashlounge.users_id_seq OWNER TO postgres;

--
-- Name: users_id_seq; Type: SEQUENCE OWNED BY; Schema: smashlounge; Owner: postgres
--

ALTER SEQUENCE smashlounge.users_id_seq OWNED BY smashlounge.users.id;


--
-- Name: vods; Type: TABLE; Schema: smashlounge; Owner: postgres; Tablespace: 
--

CREATE TABLE smashlounge.vods (
    id bigint NOT NULL,
    url character varying(260) NOT NULL,
    title character varying(130) NOT NULL,
    update_date timestamp with time zone DEFAULT now() NOT NULL,
    score bigint NOT NULL,
    credit character varying(160) NOT NULL,
    typeid bigint NOT NULL,
    dataid bigint NOT NULL,
    submitted_by character varying(130) NOT NULL,
    description character varying(260) NOT NULL
);


ALTER TABLE smashlounge.vods OWNER TO postgres;

--
-- Name: vods_id_seq; Type: SEQUENCE; Schema: smashlounge; Owner: postgres
--

CREATE SEQUENCE smashlounge.vods_id_seq
    START WITH 1
    INCREMENT BY 1
    NO MINVALUE
    NO MAXVALUE
    CACHE 1;


ALTER TABLE smashlounge.vods_id_seq OWNER TO postgres;

--
-- Name: vods_id_seq; Type: SEQUENCE OWNED BY; Schema: smashlounge; Owner: postgres
--

ALTER SEQUENCE smashlounge.vods_id_seq OWNED BY smashlounge.vods.id;


--
-- Name: vodvotes; Type: TABLE; Schema: smashlounge; Owner: postgres; Tablespace: 
--

CREATE TABLE smashlounge.vodvotes (
    id bigint NOT NULL,
    vodid bigint NOT NULL,
    voterid bigint NOT NULL,
    direction boolean NOT NULL
);


ALTER TABLE smashlounge.vodvotes OWNER TO postgres;

--
-- Name: vodvotes_id_seq; Type: SEQUENCE; Schema: smashlounge; Owner: postgres
--

CREATE SEQUENCE smashlounge.vodvotes_id_seq
    START WITH 1
    INCREMENT BY 1
    NO MINVALUE
    NO MAXVALUE
    CACHE 1;


ALTER TABLE smashlounge.vodvotes_id_seq OWNER TO postgres;

--
-- Name: vodvotes_id_seq; Type: SEQUENCE OWNED BY; Schema: smashlounge; Owner: postgres
--

ALTER SEQUENCE smashlounge.vodvotes_id_seq OWNED BY smashlounge.vodvotes.id;


--
-- Name: id; Type: DEFAULT; Schema: smashlounge; Owner: postgres
--

ALTER TABLE ONLY smashlounge.attacks ALTER COLUMN id SET DEFAULT nextval('smashlounge.attacks_id_seq'::regclass);


--
-- Name: id; Type: DEFAULT; Schema: smashlounge; Owner: postgres
--

ALTER TABLE ONLY smashlounge.charinfo ALTER COLUMN id SET DEFAULT nextval('smashlounge.charinfo_id_seq'::regclass);


--
-- Name: id; Type: DEFAULT; Schema: smashlounge; Owner: postgres
--

ALTER TABLE ONLY smashlounge.chartech ALTER COLUMN id SET DEFAULT nextval('smashlounge.chartech_id_seq'::regclass);


--
-- Name: id; Type: DEFAULT; Schema: smashlounge; Owner: postgres
--

ALTER TABLE ONLY smashlounge.framedatajson ALTER COLUMN id SET DEFAULT nextval('smashlounge.framedatajson_id_seq'::regclass);


--
-- Name: id; Type: DEFAULT; Schema: smashlounge; Owner: postgres
--

ALTER TABLE ONLY smashlounge.framedatamoves ALTER COLUMN id SET DEFAULT nextval('smashlounge.framedatamoves_id_seq'::regclass);


--
-- Name: id; Type: DEFAULT; Schema: smashlounge; Owner: postgres
--

ALTER TABLE ONLY smashlounge.friends ALTER COLUMN id SET DEFAULT nextval('smashlounge.friends_id_seq'::regclass);


--
-- Name: id; Type: DEFAULT; Schema: smashlounge; Owner: postgres
--

ALTER TABLE ONLY smashlounge.gifs ALTER COLUMN id SET DEFAULT nextval('smashlounge.gifs_id_seq'::regclass);


--
-- Name: id; Type: DEFAULT; Schema: smashlounge; Owner: postgres
--

ALTER TABLE ONLY smashlounge.gifvotes ALTER COLUMN id SET DEFAULT nextval('smashlounge.gifvotes_id_seq'::regclass);


--
-- Name: id; Type: DEFAULT; Schema: smashlounge; Owner: postgres
--

ALTER TABLE ONLY smashlounge.groups ALTER COLUMN id SET DEFAULT nextval('smashlounge.groups_id_seq'::regclass);


--
-- Name: id; Type: DEFAULT; Schema: smashlounge; Owner: postgres
--

ALTER TABLE ONLY smashlounge.guide_bodies ALTER COLUMN id SET DEFAULT nextval('smashlounge.guide_bodies_id_seq'::regclass);


--
-- Name: id; Type: DEFAULT; Schema: smashlounge; Owner: postgres
--

ALTER TABLE ONLY smashlounge.guidebody ALTER COLUMN id SET DEFAULT nextval('smashlounge.guidebody_id_seq'::regclass);


--
-- Name: id; Type: DEFAULT; Schema: smashlounge; Owner: postgres
--

ALTER TABLE ONLY smashlounge.guides ALTER COLUMN id SET DEFAULT nextval('smashlounge.guides_id_seq'::regclass);


--
-- Name: id; Type: DEFAULT; Schema: smashlounge; Owner: postgres
--

ALTER TABLE ONLY smashlounge.locals ALTER COLUMN id SET DEFAULT nextval('smashlounge.locals_id_seq'::regclass);


--
-- Name: id; Type: DEFAULT; Schema: smashlounge; Owner: postgres
--

ALTER TABLE ONLY smashlounge.moves ALTER COLUMN id SET DEFAULT nextval('smashlounge.moves_id_seq'::regclass);


--
-- Name: id; Type: DEFAULT; Schema: smashlounge; Owner: postgres
--

ALTER TABLE ONLY smashlounge.permissions ALTER COLUMN id SET DEFAULT nextval('smashlounge.permissions_id_seq'::regclass);


--
-- Name: id; Type: DEFAULT; Schema: smashlounge; Owner: postgres
--

ALTER TABLE ONLY smashlounge.players ALTER COLUMN id SET DEFAULT nextval('smashlounge.players_id_seq'::regclass);


--
-- Name: id; Type: DEFAULT; Schema: smashlounge; Owner: postgres
--

ALTER TABLE ONLY smashlounge.roles ALTER COLUMN id SET DEFAULT nextval('smashlounge.roles_id_seq'::regclass);


--
-- Name: id; Type: DEFAULT; Schema: smashlounge; Owner: postgres
--

ALTER TABLE ONLY smashlounge.submissions ALTER COLUMN id SET DEFAULT nextval('smashlounge.submissions_id_seq'::regclass);


--
-- Name: id; Type: DEFAULT; Schema: smashlounge; Owner: postgres
--

ALTER TABLE ONLY smashlounge.submissionsgroup ALTER COLUMN id SET DEFAULT nextval('smashlounge.submissionsgroup_id_seq'::regclass);


--
-- Name: id; Type: DEFAULT; Schema: smashlounge; Owner: postgres
--

ALTER TABLE ONLY smashlounge.submissionstech ALTER COLUMN id SET DEFAULT nextval('smashlounge.submissionstech_id_seq'::regclass);


--
-- Name: id; Type: DEFAULT; Schema: smashlounge; Owner: postgres
--

ALTER TABLE ONLY smashlounge.submissionstournament ALTER COLUMN id SET DEFAULT nextval('smashlounge.submissionstournament_id_seq'::regclass);


--
-- Name: id; Type: DEFAULT; Schema: smashlounge; Owner: postgres
--

ALTER TABLE ONLY smashlounge.submissionsvod ALTER COLUMN id SET DEFAULT nextval('smashlounge.submissionsvod_id_seq'::regclass);


--
-- Name: id; Type: DEFAULT; Schema: smashlounge; Owner: postgres
--

ALTER TABLE ONLY smashlounge.techs ALTER COLUMN id SET DEFAULT nextval('smashlounge.techs_id_seq'::regclass);


--
-- Name: id; Type: DEFAULT; Schema: smashlounge; Owner: postgres
--

ALTER TABLE ONLY smashlounge.throttle ALTER COLUMN id SET DEFAULT nextval('smashlounge.throttle_id_seq'::regclass);


--
-- Name: id; Type: DEFAULT; Schema: smashlounge; Owner: postgres
--

ALTER TABLE ONLY smashlounge.upcoming ALTER COLUMN id SET DEFAULT nextval('smashlounge.upcoming_id_seq'::regclass);


--
-- Name: id; Type: DEFAULT; Schema: smashlounge; Owner: postgres
--

ALTER TABLE ONLY smashlounge.userinfo ALTER COLUMN id SET DEFAULT nextval('smashlounge.userinfo_id_seq'::regclass);


--
-- Name: id; Type: DEFAULT; Schema: smashlounge; Owner: postgres
--

ALTER TABLE ONLY smashlounge.users ALTER COLUMN id SET DEFAULT nextval('smashlounge.users_id_seq'::regclass);


--
-- Name: id; Type: DEFAULT; Schema: smashlounge; Owner: postgres
--

ALTER TABLE ONLY smashlounge.users_groups ALTER COLUMN id SET DEFAULT nextval('smashlounge.users_groups_id_seq'::regclass);


--
-- Name: id; Type: DEFAULT; Schema: smashlounge; Owner: postgres
--

ALTER TABLE ONLY smashlounge.vods ALTER COLUMN id SET DEFAULT nextval('smashlounge.vods_id_seq'::regclass);


--
-- Name: id; Type: DEFAULT; Schema: smashlounge; Owner: postgres
--

ALTER TABLE ONLY smashlounge.vodvotes ALTER COLUMN id SET DEFAULT nextval('smashlounge.vodvotes_id_seq'::regclass);


--
-- Data for Name: attacks; Type: TABLE DATA; Schema: smashlounge; Owner: postgres
--

COPY smashlounge.attacks (id, charid, gameid, game_ver, gif_id, input_type, input_dir, seq_num, seq_dir, description, inputs, links_to, links_from, movetype, total_frames, active_start, active_end, hit_start, hit_end, hit_second_start, hit_second_end, hit_third_start, hit_third_end, hit_fourth_start, hit_fourth_end, iasa, charge_frame, invincible_start, invincible_end, landlag, lcancel, auto_cancelable, auto_cancel_start, auto_cancel_end, grab_start, grab_end, lag_on_release, reflects, reflect_start, reflect_end, reflection_lag, jcable, grounded, misc, created_at, updated_at) FROM stdin;
1	1	0	0	1790	1	3	0	0	Down B (Air)		0	0	0	0	0	0	0	0	0	0	0	0	0	0	0	0	0	0	0	0	f	0	0	0	0	0	f	0	0	0	f	f		\N	\N
2	1	0	0	1788	1	1	0	0	Up B (Air)		0	0	0	0	0	0	0	0	0	0	0	0	0	0	0	0	0	0	0	0	f	0	0	0	0	0	f	0	0	0	f	f		\N	\N
3	1	0	0	1789	4	1	0	0	Up B (Ground)		0	0	0	0	0	0	0	0	0	0	0	0	0	0	0	0	0	0	0	0	f	0	0	0	0	0	f	0	0	0	f	f		\N	\N
4	1	0	0	1787	4	3	0	0	Down B (Ground)		0	0	0	0	0	0	0	0	0	0	0	0	0	0	0	0	0	0	0	0	f	0	0	0	0	0	f	0	0	0	f	f		\N	\N
5	1	0	0	638	4	2	0	0	Forward B		0	0	0	0	0	0	0	0	0	0	0	0	0	0	0	0	0	0	0	0	f	0	0	0	0	0	f	0	0	0	f	f		\N	\N
6	1	0	0	639	5	5	1	0	Jab 1		0	0	1	0	0	0	0	0	0	0	0	0	0	0	0	0	0	0	0	0	f	0	0	0	0	0	f	0	0	0	f	f		\N	\N
7	1	0	0	640	5	5	2	0	Jab 2		0	0	1	0	0	0	0	0	0	0	0	0	0	0	0	0	0	0	0	0	f	0	0	0	0	0	f	0	0	0	f	f		\N	\N
8	1	0	0	644	3	2	0	0	Forward Tilt Low		0	0	2	0	0	0	0	0	0	0	0	0	0	0	0	0	0	0	0	0	f	0	0	0	0	0	f	0	0	0	f	f		\N	\N
9	1	0	0	643	3	2	0	0	Forward Tilt High		0	0	2	0	0	0	0	0	0	0	0	0	0	0	0	0	0	0	0	0	f	0	0	0	0	0	f	0	0	0	f	f		\N	\N
10	1	0	0	642	3	2	0	0	Forward Tilt		0	0	2	0	0	0	0	0	0	0	0	0	0	0	0	0	0	0	0	0	f	0	0	0	0	0	f	0	0	0	f	f		\N	\N
11	1	0	0	645	3	1	0	0	Up Tilt		0	0	2	0	0	0	0	0	0	0	0	0	0	0	0	0	0	0	0	0	f	0	0	0	0	0	f	0	0	0	f	f		\N	\N
12	1	0	0	641	3	3	0	0	Down Tilt		0	0	2	0	0	0	0	0	0	0	0	0	0	0	0	0	0	0	0	0	f	0	0	0	0	0	f	0	0	0	f	f		\N	\N
13	1	0	0	648	2	1	0	0	Up Smash		0	0	3	0	0	0	0	0	0	0	0	0	0	0	0	0	0	0	0	0	f	0	0	0	0	0	f	0	0	0	f	f		\N	\N
14	1	0	0	647	2	2	0	0	Forward Smash		0	0	3	0	0	0	0	0	0	0	0	0	0	0	0	0	0	0	0	0	f	0	0	0	0	0	f	0	0	0	f	f		\N	\N
15	1	0	0	646	2	3	0	0	Down Smash		0	0	3	0	0	0	0	0	0	0	0	0	0	0	0	0	0	0	0	0	f	0	0	0	0	0	f	0	0	0	f	f		\N	\N
16	1	0	0	653	1	1	0	0	Up Air		0	0	4	0	0	0	0	0	0	0	0	0	0	0	0	0	0	0	0	0	f	0	0	0	0	0	f	0	0	0	f	f		\N	\N
17	1	0	0	652	1	0	0	0	Neutral Air		0	0	4	0	0	0	0	0	0	0	0	0	0	0	0	0	0	0	0	0	f	0	0	0	0	0	f	0	0	0	f	f		\N	\N
18	1	0	0	650	1	3	0	0	Down Air		0	0	4	0	0	0	0	0	0	0	0	0	0	0	0	0	0	0	0	0	f	0	0	0	0	0	f	0	0	0	f	f		\N	\N
19	1	0	0	649	1	4	0	0	Back Air		0	0	4	0	0	0	0	0	0	0	0	0	0	0	0	0	0	0	0	0	f	0	0	0	0	0	f	0	0	0	f	f		\N	\N
20	1	0	0	651	1	2	0	0	Forward Air		0	0	4	0	0	0	0	0	0	0	0	0	0	0	0	0	0	0	0	0	f	0	0	0	0	0	f	0	0	0	f	f		\N	\N
21	1	0	0	654	6	5	0	0	Dash Attack		0	0	5	0	0	0	0	0	0	0	0	0	0	0	0	0	0	0	0	0	f	0	0	0	0	0	f	0	0	0	f	f		\N	\N
22	1	0	0	655	7	2	0	0	Running Grab		0	0	5	0	0	0	0	0	0	0	0	0	0	0	0	0	0	0	0	0	f	0	0	0	0	0	f	0	0	0	f	f		\N	\N
23	1	0	0	656	7	0	0	0	Standing Grab		0	0	5	0	0	0	0	0	0	0	0	0	0	0	0	0	0	0	0	0	f	0	0	0	0	0	f	0	0	0	f	f		\N	\N
24	1	0	0	658	8	5	0	0	Dodge		0	0	6	0	0	0	0	0	0	0	0	0	0	0	0	0	0	0	0	0	f	0	0	0	0	0	f	0	0	0	f	f		\N	\N
25	1	0	0	657	1	5	0	0	Air Dodge		0	0	6	0	0	0	0	0	0	0	0	0	0	0	0	0	0	0	0	0	f	0	0	0	0	0	f	0	0	0	f	f		\N	\N
26	1	0	0	659	9	2	0	0	Forward Roll		0	0	6	0	0	0	0	0	0	0	0	0	0	0	0	0	0	0	0	0	f	0	0	0	0	0	f	0	0	0	f	f		\N	\N
27	2	0	0	662	5	5	3	0	Jab 3		0	0	1	0	0	0	0	0	0	0	0	0	0	0	0	0	0	0	0	0	f	0	0	0	0	0	f	0	0	0	f	f		\N	\N
28	2	0	0	661	5	5	2	0	Jab 2		0	0	1	0	0	0	0	0	0	0	0	0	0	0	0	0	0	0	0	0	f	0	0	0	0	0	f	0	0	0	f	f		\N	\N
29	2	0	0	663	3	2	0	0	Forward Tilt High		0	0	2	0	0	0	0	0	0	0	0	0	0	0	0	0	0	0	0	0	f	0	0	0	0	0	f	0	0	0	f	f		\N	\N
30	2	0	0	664	3	2	0	0	Forward Tilt Low		0	0	2	0	0	0	0	0	0	0	0	0	0	0	0	0	0	0	0	0	f	0	0	0	0	0	f	0	0	0	f	f		\N	\N
31	2	0	0	665	3	1	0	0	Up Tilt		0	0	2	0	0	0	0	0	0	0	0	0	0	0	0	0	0	0	0	0	f	0	0	0	0	0	f	0	0	0	f	f		\N	\N
32	2	0	0	668	1	2	0	0	Forward Air		0	0	4	0	0	0	0	0	0	0	0	0	0	0	0	0	0	0	0	0	f	0	0	0	0	0	f	0	0	0	f	f		\N	\N
33	2	0	0	670	1	5	0	0	Air Dodge		0	0	6	0	0	0	0	0	0	0	0	0	0	0	0	0	0	0	0	0	f	0	0	0	0	0	f	0	0	0	f	f		\N	\N
34	2	0	0	666	2	1	0	0	Up Smash		0	0	3	0	0	0	0	0	0	0	0	0	0	0	0	0	0	0	0	0	f	0	0	0	0	0	f	0	0	0	f	f		\N	\N
35	2	0	0	669	1	1	0	0	Up Air		0	0	4	0	0	0	0	0	0	0	0	0	0	0	0	0	0	0	0	0	f	0	0	0	0	0	f	0	0	0	f	f		\N	\N
36	2	0	0	667	1	4	0	0	Back Air		0	0	4	0	0	0	0	0	0	0	0	0	0	0	0	0	0	0	0	0	f	0	0	0	0	0	f	0	0	0	f	f		\N	\N
37	2	0	0	660	4	0	0	0	Neutral B		0	0	0	0	0	0	0	0	0	0	0	0	0	0	0	0	0	0	0	0	f	0	0	0	0	0	f	0	0	0	f	f		\N	\N
38	3	0	0	673	4	0	0	0	Neutral B (Charged)		0	0	0	0	0	0	0	0	0	0	0	0	0	0	0	0	0	0	0	0	f	0	0	0	0	0	f	0	0	0	f	f		\N	\N
39	3	0	0	1793	1	1	0	0	Up B (Air)		0	0	0	0	0	0	0	0	0	0	0	0	0	0	0	0	0	0	0	0	f	0	0	0	0	0	f	0	0	0	f	f		\N	\N
40	3	0	0	1792	4	1	0	0	Up B (Ground)		0	0	0	0	0	0	0	0	0	0	0	0	0	0	0	0	0	0	0	0	f	0	0	0	0	0	f	0	0	0	f	f		\N	\N
41	3	0	0	674	5	5	1	0	Jab 1		0	0	1	0	0	0	0	0	0	0	0	0	0	0	0	0	0	0	0	0	f	0	0	0	0	0	f	0	0	0	f	f		\N	\N
42	3	0	0	675	5	5	2	0	Jab 2		0	0	1	0	0	0	0	0	0	0	0	0	0	0	0	0	0	0	0	0	f	0	0	0	0	0	f	0	0	0	f	f		\N	\N
43	3	0	0	677	3	2	0	0	Forward Tilt		0	0	2	0	0	0	0	0	0	0	0	0	0	0	0	0	0	0	0	0	f	0	0	0	0	0	f	0	0	0	f	f		\N	\N
44	3	0	0	683	2	1	0	0	Up Smash		0	0	3	0	0	0	0	0	0	0	0	0	0	0	0	0	0	0	0	0	f	0	0	0	0	0	f	0	0	0	f	f		\N	\N
45	3	0	0	685	1	4	0	0	Back Air		0	0	4	0	0	0	0	0	0	0	0	0	0	0	0	0	0	0	0	0	f	0	0	0	0	0	f	0	0	0	f	f		\N	\N
46	3	0	0	689	1	1	0	0	Up Air		0	0	4	0	0	0	0	0	0	0	0	0	0	0	0	0	0	0	0	0	f	0	0	0	0	0	f	0	0	0	f	f		\N	\N
47	3	0	0	686	1	3	0	0	Down Air		0	0	4	0	0	0	0	0	0	0	0	0	0	0	0	0	0	0	0	0	f	0	0	0	0	0	f	0	0	0	f	f		\N	\N
48	3	0	0	691	7	2	0	0	Running Grab		0	0	5	0	0	0	0	0	0	0	0	0	0	0	0	0	0	0	0	0	f	0	0	0	0	0	f	0	0	0	f	f		\N	\N
49	3	0	0	684	1	5	0	0	Air Dodge		0	0	4	0	0	0	0	0	0	0	0	0	0	0	0	0	0	0	0	0	f	0	0	0	0	0	f	0	0	0	f	f		\N	\N
50	3	0	0	671	4	3	0	0	Down B		0	0	0	0	0	0	0	0	0	0	0	0	0	0	0	0	0	0	0	0	f	0	0	0	0	0	f	0	0	0	f	f		\N	\N
51	3	0	0	694	8	5	0	0	Dodge		0	0	6	0	0	0	0	0	0	0	0	0	0	0	0	0	0	0	0	0	f	0	0	0	0	0	f	0	0	0	f	f		\N	\N
52	3	0	0	672	4	2	0	0	Forward B		0	0	0	0	0	0	0	0	0	0	0	0	0	0	0	0	0	0	0	0	f	0	0	0	0	0	f	0	0	0	f	f		\N	\N
53	3	0	0	695	9	2	0	0	Forward Roll		0	0	6	0	0	0	0	0	0	0	0	0	0	0	0	0	0	0	0	0	f	0	0	0	0	0	f	0	0	0	f	f		\N	\N
54	3	0	0	688	1	0	0	0	Neutral Air		0	0	4	0	0	0	0	0	0	0	0	0	0	0	0	0	0	0	0	0	f	0	0	0	0	0	f	0	0	0	f	f		\N	\N
55	3	0	0	690	6	5	0	0	Dash Attack		0	0	5	0	0	0	0	0	0	0	0	0	0	0	0	0	0	0	0	0	f	0	0	0	0	0	f	0	0	0	f	f		\N	\N
56	3	0	0	692	7	0	0	0	Standing Grab		0	0	5	0	0	0	0	0	0	0	0	0	0	0	0	0	0	0	0	0	f	0	0	0	0	0	f	0	0	0	f	f		\N	\N
57	3	0	0	680	3	1	0	0	Up Tilt		0	0	2	0	0	0	0	0	0	0	0	0	0	0	0	0	0	0	0	0	f	0	0	0	0	0	f	0	0	0	f	f		\N	\N
58	3	0	0	693	4	4	0	0	Backwards Roll		0	0	6	0	0	0	0	0	0	0	0	0	0	0	0	0	0	0	0	0	f	0	0	0	0	0	f	0	0	0	f	f		\N	\N
59	3	0	0	678	3	2	0	0	Forward Tilt High		0	0	2	0	0	0	0	0	0	0	0	0	0	0	0	0	0	0	0	0	f	0	0	0	0	0	f	0	0	0	f	f		\N	\N
60	3	0	0	682	2	2	0	0	Forward Smash		0	0	3	0	0	0	0	0	0	0	0	0	0	0	0	0	0	0	0	0	f	0	0	0	0	0	f	0	0	0	f	f		\N	\N
61	3	0	0	1791	4	0	0	0	Neutral B		0	0	0	0	0	0	0	0	0	0	0	0	0	0	0	0	0	0	0	0	f	0	0	0	0	0	f	0	0	0	f	f		\N	\N
62	3	0	0	676	3	3	0	0	Down Tilt		0	0	2	0	0	0	0	0	0	0	0	0	0	0	0	0	0	0	0	0	f	0	0	0	0	0	f	0	0	0	f	f		\N	\N
63	3	0	0	687	1	2	0	0	Forward Air		0	0	4	0	0	0	0	0	0	0	0	0	0	0	0	0	0	0	0	0	f	0	0	0	0	0	f	0	0	0	f	f		\N	\N
64	3	0	0	681	2	3	0	0	Down Smash		0	0	3	0	0	0	0	0	0	0	0	0	0	0	0	0	0	0	0	0	f	0	0	0	0	0	f	0	0	0	f	f		\N	\N
65	3	0	0	679	3	2	0	0	Forward Tilt Low		0	0	2	0	0	0	0	0	0	0	0	0	0	0	0	0	0	0	0	0	f	0	0	0	0	0	f	0	0	0	f	f		\N	\N
66	3	0	0	1794	4	0	0	0	Neutral B (Charging)		0	0	0	0	0	0	0	0	0	0	0	0	0	0	0	0	0	0	0	0	f	0	0	0	0	0	f	0	0	0	f	f		\N	\N
67	4	0	0	699	5	5	1	0	Jab 1		0	0	1	0	0	0	0	0	0	0	0	0	0	0	0	0	0	0	0	0	f	0	0	0	0	0	f	0	0	0	f	f		\N	\N
68	4	0	0	700	5	5	2	0	Jab 2		0	0	1	0	0	0	0	0	0	0	0	0	0	0	0	0	0	0	0	0	f	0	0	0	0	0	f	0	0	0	f	f		\N	\N
69	4	0	0	701	5	5	3	0	Jab 3		0	0	1	0	0	0	0	0	0	0	0	0	0	0	0	0	0	0	0	0	f	0	0	0	0	0	f	0	0	0	f	f		\N	\N
70	4	0	0	703	3	2	0	0	Forward Tilt		0	0	2	0	0	0	0	0	0	0	0	0	0	0	0	0	0	0	0	0	f	0	0	0	0	0	f	0	0	0	f	f		\N	\N
71	4	0	0	705	3	2	0	0	Forward Tilt Low		0	0	2	0	0	0	0	0	0	0	0	0	0	0	0	0	0	0	0	0	f	0	0	0	0	0	f	0	0	0	f	f		\N	\N
72	4	0	0	704	3	2	0	0	Forward Tilt High		0	0	2	0	0	0	0	0	0	0	0	0	0	0	0	0	0	0	0	0	f	0	0	0	0	0	f	0	0	0	f	f		\N	\N
73	4	0	0	702	3	3	0	0	Down Tilt		0	0	2	0	0	0	0	0	0	0	0	0	0	0	0	0	0	0	0	0	f	0	0	0	0	0	f	0	0	0	f	f		\N	\N
74	4	0	0	713	1	2	0	0	Forward Air		0	0	4	0	0	0	0	0	0	0	0	0	0	0	0	0	0	0	0	0	f	0	0	0	0	0	f	0	0	0	f	f		\N	\N
75	4	0	0	715	1	1	0	0	Up Air		0	0	4	0	0	0	0	0	0	0	0	0	0	0	0	0	0	0	0	0	f	0	0	0	0	0	f	0	0	0	f	f		\N	\N
76	4	0	0	716	6	5	0	0	Dash Attack		0	0	5	0	0	0	0	0	0	0	0	0	0	0	0	0	0	0	0	0	f	0	0	0	0	0	f	0	0	0	f	f		\N	\N
77	4	0	0	708	2	2	0	0	Forward Smash Low		0	0	3	0	0	0	0	0	0	0	0	0	0	0	0	0	0	0	0	0	f	0	0	0	0	0	f	0	0	0	f	f		\N	\N
78	4	0	0	706	2	3	0	0	Down Smash		0	0	3	0	0	0	0	0	0	0	0	0	0	0	0	0	0	0	0	0	f	0	0	0	0	0	f	0	0	0	f	f		\N	\N
79	4	0	0	707	2	2	0	0	Forward Smash High		0	0	3	0	0	0	0	0	0	0	0	0	0	0	0	0	0	0	0	0	f	0	0	0	0	0	f	0	0	0	f	f		\N	\N
80	4	0	0	709	2	1	0	0	Up Smash		0	0	3	0	0	0	0	0	0	0	0	0	0	0	0	0	0	0	0	0	f	0	0	0	0	0	f	0	0	0	f	f		\N	\N
81	4	0	0	714	1	0	0	0	Neutral Air		0	0	4	0	0	0	0	0	0	0	0	0	0	0	0	0	0	0	0	0	f	0	0	0	0	0	f	0	0	0	f	f		\N	\N
82	4	0	0	711	1	4	0	0	Back Air		0	0	4	0	0	0	0	0	0	0	0	0	0	0	0	0	0	0	0	0	f	0	0	0	0	0	f	0	0	0	f	f		\N	\N
83	4	0	0	712	1	3	0	0	Down Air		0	0	4	0	0	0	0	0	0	0	0	0	0	0	0	0	0	0	0	0	f	0	0	0	0	0	f	0	0	0	f	f		\N	\N
84	4	0	0	718	7	0	0	0	Standing Grab		0	0	5	0	0	0	0	0	0	0	0	0	0	0	0	0	0	0	0	0	f	0	0	0	0	0	f	0	0	0	f	f		\N	\N
85	4	0	0	717	7	2	0	0	Running Grab		0	0	5	0	0	0	0	0	0	0	0	0	0	0	0	0	0	0	0	0	f	0	0	0	0	0	f	0	0	0	f	f		\N	\N
86	4	0	0	696	4	3	0	0	Down B		0	0	0	0	0	0	0	0	0	0	0	0	0	0	0	0	0	0	0	0	f	0	0	0	0	0	f	0	0	0	f	f		\N	\N
87	4	0	0	698	4	1	0	0	Up B		0	0	0	0	0	0	0	0	0	0	0	0	0	0	0	0	0	0	0	0	f	0	0	0	0	0	f	0	0	0	f	f		\N	\N
88	4	0	0	697	4	2	0	0	Forward B		0	0	0	0	0	0	0	0	0	0	0	0	0	0	0	0	0	0	0	0	f	0	0	0	0	0	f	0	0	0	f	f		\N	\N
89	4	0	0	710	1	5	0	0	Air Dodge		0	0	4	0	0	0	0	0	0	0	0	0	0	0	0	0	0	0	0	0	f	0	0	0	0	0	f	0	0	0	f	f		\N	\N
90	4	0	0	720	9	2	0	0	Forward Roll		0	0	6	0	0	0	0	0	0	0	0	0	0	0	0	0	0	0	0	0	f	0	0	0	0	0	f	0	0	0	f	f		\N	\N
91	4	0	0	719	8	5	0	0	Dodge		0	0	6	0	0	0	0	0	0	0	0	0	0	0	0	0	0	0	0	0	f	0	0	0	0	0	f	0	0	0	f	f		\N	\N
92	5	0	0	722	4	0	0	0	Neutral B		0	0	0	0	0	0	0	0	0	0	0	0	0	0	0	0	0	0	0	0	f	0	0	0	0	0	f	0	0	0	f	f		\N	\N
93	5	0	0	724	5	5	1	0	Jab 1		0	0	1	0	0	0	0	0	0	0	0	0	0	0	0	0	0	0	0	0	f	0	0	0	0	0	f	0	0	0	f	f		\N	\N
94	5	0	0	725	5	5	2	0	Jab 2		0	0	1	0	0	0	0	0	0	0	0	0	0	0	0	0	0	0	0	0	f	0	0	0	0	0	f	0	0	0	f	f		\N	\N
95	5	0	0	726	5	5	3	0	Jab 3		0	0	1	0	0	0	0	0	0	0	0	0	0	0	0	0	0	0	0	0	f	0	0	0	0	0	f	0	0	0	f	f		\N	\N
96	5	0	0	728	3	2	0	0	Forward Tilt		0	0	2	0	0	0	0	0	0	0	0	0	0	0	0	0	0	0	0	0	f	0	0	0	0	0	f	0	0	0	f	f		\N	\N
97	5	0	0	729	3	2	0	0	Forward Tilt High		0	0	2	0	0	0	0	0	0	0	0	0	0	0	0	0	0	0	0	0	f	0	0	0	0	0	f	0	0	0	f	f		\N	\N
98	5	0	0	731	3	1	0	0	Up Tilt		0	0	2	0	0	0	0	0	0	0	0	0	0	0	0	0	0	0	0	0	f	0	0	0	0	0	f	0	0	0	f	f		\N	\N
99	5	0	0	742	1	1	0	0	Up Air		0	0	4	0	0	0	0	0	0	0	0	0	0	0	0	0	0	0	0	0	f	0	0	0	0	0	f	0	0	0	f	f		\N	\N
100	5	0	0	737	1	3	0	0	Down Air		0	0	4	0	0	0	0	0	0	0	0	0	0	0	0	0	0	0	0	0	f	0	0	0	0	0	f	0	0	0	f	f		\N	\N
101	5	0	0	743	6	5	0	0	Dash Attack		0	0	5	0	0	0	0	0	0	0	0	0	0	0	0	0	0	0	0	0	f	0	0	0	0	0	f	0	0	0	f	f		\N	\N
102	5	0	0	730	3	2	0	0	Forward Tilt Low		0	0	2	0	0	0	0	0	0	0	0	0	0	0	0	0	0	0	0	0	f	0	0	0	0	0	f	0	0	0	f	f		\N	\N
103	5	0	0	736	1	4	0	0	Back Air		0	0	4	0	0	0	0	0	0	0	0	0	0	0	0	0	0	0	0	0	f	0	0	0	0	0	f	0	0	0	f	f		\N	\N
104	5	0	0	740	1	0	0	0	Neutral Air		0	0	4	0	0	0	0	0	0	0	0	0	0	0	0	0	0	0	0	0	f	0	0	0	0	0	f	0	0	0	f	f		\N	\N
105	5	0	0	727	3	3	0	0	Down Tilt		0	0	2	0	0	0	0	0	0	0	0	0	0	0	0	0	0	0	0	0	f	0	0	0	0	0	f	0	0	0	f	f		\N	\N
106	5	0	0	733	2	2	0	0	Forward Smash		0	0	3	0	0	0	0	0	0	0	0	0	0	0	0	0	0	0	0	0	f	0	0	0	0	0	f	0	0	0	f	f		\N	\N
107	5	0	0	741	4	0	0	0	Neutral B (air)		0	0	4	0	0	0	0	0	0	0	0	0	0	0	0	0	0	0	0	0	f	0	0	0	0	0	f	0	0	0	f	f		\N	\N
108	5	0	0	738	1	2	0	0	Forward Air		0	0	4	0	0	0	0	0	0	0	0	0	0	0	0	0	0	0	0	0	f	0	0	0	0	0	f	0	0	0	f	f		\N	\N
109	5	0	0	732	2	3	0	0	Down Smash		0	0	3	0	0	0	0	0	0	0	0	0	0	0	0	0	0	0	0	0	f	0	0	0	0	0	f	0	0	0	f	f		\N	\N
110	5	0	0	734	2	1	0	0	Up Smash		0	0	3	0	0	0	0	0	0	0	0	0	0	0	0	0	0	0	0	0	f	0	0	0	0	0	f	0	0	0	f	f		\N	\N
111	5	0	0	744	7	2	0	0	Running Grab		0	0	5	0	0	0	0	0	0	0	0	0	0	0	0	0	0	0	0	0	f	0	0	0	0	0	f	0	0	0	f	f		\N	\N
112	5	0	0	721	4	3	0	0	Down B		0	0	0	0	0	0	0	0	0	0	0	0	0	0	0	0	0	0	0	0	f	0	0	0	0	0	f	0	0	0	f	f		\N	\N
113	5	0	0	739	4	2	0	0	Forward B		0	0	4	0	0	0	0	0	0	0	0	0	0	0	0	0	0	0	0	0	f	0	0	0	0	0	f	0	0	0	f	f		\N	\N
114	5	0	0	735	1	5	0	0	Air Dodge		0	0	4	0	0	0	0	0	0	0	0	0	0	0	0	0	0	0	0	0	f	0	0	0	0	0	f	0	0	0	f	f		\N	\N
115	5	0	0	723	4	1	0	0	Up B		0	0	0	0	0	0	0	0	0	0	0	0	0	0	0	0	0	0	0	0	f	0	0	0	0	0	f	0	0	0	f	f		\N	\N
116	5	0	0	745	4	4	0	0	Backwards Roll		0	0	6	0	0	0	0	0	0	0	0	0	0	0	0	0	0	0	0	0	f	0	0	0	0	0	f	0	0	0	f	f		\N	\N
117	5	0	0	747	9	2	0	0	Forward Roll		0	0	6	0	0	0	0	0	0	0	0	0	0	0	0	0	0	0	0	0	f	0	0	0	0	0	f	0	0	0	f	f		\N	\N
118	5	0	0	746	8	5	0	0	Dodge		0	0	6	0	0	0	0	0	0	0	0	0	0	0	0	0	0	0	0	0	f	0	0	0	0	0	f	0	0	0	f	f		\N	\N
119	6	0	0	750	4	0	0	0	Neutral B		0	0	0	36	0	34	10	0	20	0	0	0	0	0	0	0	0	0	0	0	t	0	0	0	0	0	f	0	0	0	f	f		\N	2015-11-09 00:00:00-05
120	6	0	0	751	4	0	0	0	Neutral B (air)		0	0	0	36	0	0	10	11	20	21	0	0	0	0	0	0	0	0	0	0	t	0	0	0	0	0	f	0	0	0	f	f		\N	2015-11-16 16:01:33-05
121	6	0	0	749	4	2	0	0	Forward B (air)		0	0	0	63	21	0	22	25	0	0	0	0	0	0	0	0	0	0	20	0	f	0	0	0	0	0	f	0	0	0	f	f		\N	2015-11-09 00:00:00-05
122	6	0	0	748	4	3	0	0	Down B		0	0	0	39	4	21	0	0	0	0	0	0	0	0	0	0	0	0	0	0	f	0	0	0	0	19	t	4	21	19	t	f		\N	2015-11-09 00:00:00-05
123	6	0	0	752	4	1	0	0	Up B		0	0	0	92	0	0	20	20	22	22	24	24	26	26	0	0	0	0	6	0	f	0	0	0	0	0	f	0	0	0	f	f		\N	2015-11-16 16:02:31-05
124	6	0	0	753	5	5	1	0	Jab 1		0	0	1	17	0	0	2	3	0	0	0	0	0	0	16	0	0	0	0	0	f	0	0	0	0	0	f	0	0	0	f	f		\N	2015-11-16 15:39:01-05
125	6	0	0	754	5	5	2	0	Jab 2		0	0	1	20	3	4	0	0	0	0	0	0	0	0	19	0	0	0	0	0	f	0	0	0	0	0	f	0	0	0	f	f		\N	2015-11-16 15:40:43-05
126	6	0	0	755	5	5	3	0	Jab 3		0	0	1	36	0	0	3	4	10	11	17	18	24	25	0	0	0	0	0	0	f	0	0	0	0	0	f	0	0	0	f	f		\N	2015-11-16 15:41:38-05
127	6	0	0	758	3	2	0	0	Forward Tilt High		0	0	2	26	0	0	5	8	0	0	0	0	0	0	0	0	0	0	0	0	f	0	0	0	0	0	f	0	0	0	f	f		\N	2015-11-16 15:44:25-05
128	6	0	0	759	3	2	0	0	Forward Tilt Low		0	0	2	26	0	0	5	8	0	0	0	0	0	0	0	0	0	0	0	0	f	0	0	0	0	0	f	0	0	0	f	f		\N	2015-11-16 15:44:47-05
129	6	0	0	757	3	2	0	0	Forward Tilt		0	0	2	26	0	0	5	8	0	0	0	0	0	0	0	0	0	0	0	0	f	0	0	0	0	0	f	0	0	0	f	f		\N	2015-11-16 15:43:55-05
130	6	0	0	756	3	3	0	0	Down Tilt		0	0	2	29	0	0	7	-12	0	0	0	0	0	0	28	0	0	0	0	0	f	0	0	0	0	0	f	0	0	0	f	f		\N	2015-11-16 15:42:52-05
131	6	0	0	760	3	1	0	0	Up Tilt		0	0	2	24	0	0	5	11	0	0	0	0	0	0	23	0	0	0	0	0	f	0	0	0	0	0	f	0	0	0	f	f		\N	2015-11-16 15:45:21-05
132	6	0	0	762	2	2	0	0	Forward Smash		0	0	3	39	0	0	12	22	0	0	0	0	0	0	0	7	0	0	0	0	f	0	0	0	0	0	f	0	0	0	f	t		\N	2015-11-16 15:49:57-05
133	6	0	0	763	2	1	0	0	Up Smash		0	0	3	41	0	0	7	17	0	0	0	0	0	0	0	2	1	9	0	0	f	0	0	0	0	0	f	0	0	0	t	t		\N	2015-11-16 15:49:40-05
134	6	0	0	761	2	3	0	0	Down Smash		0	0	3	49	0	0	6	10	0	0	0	0	0	0	46	2	6	7	0	0	f	0	0	0	0	0	f	0	0	0	f	t		\N	2015-11-16 15:50:12-05
135	6	0	0	767	1	0	0	0	Neutral Air		0	0	4	49	0	0	4	31	0	0	0	0	0	0	42	0	0	0	15	7	t	3	37	0	0	0	f	0	0	0	f	f		\N	2015-11-16 15:55:28-05
136	6	0	0	768	1	1	0	0	Up Air		0	0	4	39	0	0	8	9	11	14	0	0	0	0	36	0	0	0	18	9	t	7	26	0	0	0	f	0	0	0	f	f		\N	2015-11-16 15:56:20-05
137	6	0	0	765	1	3	0	0	Down Air		0	0	4	49	0	0	5	6	8	9	11	12	14	15	0	0	0	0	18	9	t	4	31	0	0	0	f	0	0	0	f	f		\N	2015-11-16 15:53:08-05
138	6	0	0	766	1	2	0	0	Forward Air		0	0	4	59	0	0	6	8	16	18	24	26	33	35	53	0	0	0	22	11	t	5	49	0	0	0	f	0	0	0	f	f		\N	2015-11-16 15:54:18-05
139	6	0	0	764	1	4	0	0	Back Air		0	0	4	39	0	0	4	19	0	0	0	0	0	0	38	0	0	0	20	10	t	3	24	0	0	0	f	0	0	0	f	f		\N	2015-11-16 15:51:25-05
140	6	0	0	769	9	4	0	0	Backwards Roll		0	0	5	31	0	0	0	0	0	0	0	0	0	0	0	0	4	19	0	0	f	0	0	0	0	0	f	0	0	0	f	f		\N	2015-11-16 15:57:43-05
141	6	0	0	770	6	5	0	0	Dash Attack		0	0	5	39	0	0	4	17	0	0	0	0	0	0	36	0	0	0	0	0	f	0	0	0	0	0	f	0	0	0	f	f		\N	2015-11-16 15:58:15-05
142	6	0	0	771	7	2	0	0	Running Grab		0	0	5	40	0	0	0	0	0	0	0	0	0	0	0	0	0	0	0	0	f	0	0	12	13	0	f	0	0	0	f	f		\N	2015-11-09 16:19:06-05
143	6	0	0	772	7	0	0	0	Standing Grab		0	0	5	30	0	0	0	0	0	0	0	0	0	0	0	0	0	0	0	0	f	0	0	7	8	0	f	0	0	0	f	f		\N	2015-11-09 16:14:28-05
144	6	0	0	773	1	5	0	0	Air Dodge		0	0	6	49	0	0	0	0	0	0	0	0	0	0	0	0	4	29	0	0	f	0	0	0	0	0	f	0	0	0	f	f		\N	2015-11-16 15:58:48-05
145	6	0	0	774	8	5	0	0	Dodge		0	0	6	22	0	0	0	0	0	0	0	0	0	0	0	0	2	15	0	0	f	0	0	0	0	0	f	0	0	0	f	f		\N	2015-11-16 15:59:56-05
146	6	0	0	775	9	2	0	0	Forward Roll		0	0	6	31	0	0	0	0	0	0	0	0	0	0	0	0	4	19	0	0	f	0	0	0	0	0	f	0	0	0	f	f		\N	2015-11-16 16:00:21-05
147	7	0	0	777	4	0	0	0	Neutral B		0	0	0	0	0	0	0	0	0	0	0	0	0	0	0	0	0	0	0	0	f	0	0	0	0	0	f	0	0	0	f	f		\N	\N
148	7	0	0	779	5	5	1	0	Jab 1		0	0	1	0	0	0	0	0	0	0	0	0	0	0	0	0	0	0	0	0	f	0	0	0	0	0	f	0	0	0	f	f		\N	\N
149	7	0	0	782	3	2	0	0	Forward Tilt High		0	0	2	0	0	0	0	0	0	0	0	0	0	0	0	0	0	0	0	0	f	0	0	0	0	0	f	0	0	0	f	f		\N	\N
150	7	0	0	781	3	2	0	0	Forward Tilt		0	0	2	0	0	0	0	0	0	0	0	0	0	0	0	0	0	0	0	0	f	0	0	0	0	0	f	0	0	0	f	f		\N	\N
151	7	0	0	783	3	2	0	0	Forward Tilt Low		0	0	2	0	0	0	0	0	0	0	0	0	0	0	0	0	0	0	0	0	f	0	0	0	0	0	f	0	0	0	f	f		\N	\N
152	7	0	0	784	3	1	0	0	Up Tilt		0	0	2	0	0	0	0	0	0	0	0	0	0	0	0	0	0	0	0	0	f	0	0	0	0	0	f	0	0	0	f	f		\N	\N
153	7	0	0	780	3	3	0	0	Down Tilt		0	0	2	0	0	0	0	0	0	0	0	0	0	0	0	0	0	0	0	0	f	0	0	0	0	0	f	0	0	0	f	f		\N	\N
154	7	0	0	1795	2	2	0	0	Forward Smash (High)		0	0	3	0	0	0	0	0	0	0	0	0	0	0	0	0	0	0	0	0	f	0	0	0	0	0	f	0	0	0	f	f		\N	\N
155	7	0	0	785	2	3	0	0	Down Smash		0	0	3	0	0	0	0	0	0	0	0	0	0	0	0	0	0	0	0	0	f	0	0	0	0	0	f	0	0	0	f	f		\N	\N
156	7	0	0	787	1	4	0	0	Back Air		0	0	4	0	0	0	0	0	0	0	0	0	0	0	0	0	0	0	0	0	f	0	0	0	0	0	f	0	0	0	f	f		\N	\N
157	7	0	0	788	1	3	0	0	Down Air		0	0	4	0	0	0	0	0	0	0	0	0	0	0	0	0	0	0	0	0	f	0	0	0	0	0	f	0	0	0	f	f		\N	\N
158	7	0	0	1796	2	2	0	0	Forward Smash (Low)		0	0	3	0	0	0	0	0	0	0	0	0	0	0	0	0	0	0	0	0	f	0	0	0	0	0	f	0	0	0	f	f		\N	\N
159	7	0	0	1797	4	3	0	0	Down B (Ground)		0	0	0	0	0	0	0	0	0	0	0	0	0	0	0	0	0	0	0	0	f	0	0	0	0	0	f	0	0	0	f	f		\N	\N
160	7	0	0	786	2	1	0	0	Up Smash		0	0	3	0	0	0	0	0	0	0	0	0	0	0	0	0	0	0	0	0	f	0	0	0	0	0	f	0	0	0	f	f		\N	\N
161	7	0	0	1798	4	2	0	0	Forward B (Ground)		0	0	0	0	0	0	0	0	0	0	0	0	0	0	0	0	0	0	0	0	f	0	0	0	0	0	f	0	0	0	f	f		\N	\N
162	7	0	0	776	1	2	0	0	Forward B (Air)		0	0	0	0	0	0	0	0	0	0	0	0	0	0	0	0	0	0	0	0	f	0	0	0	0	0	f	0	0	0	f	f		\N	\N
163	7	0	0	789	1	0	0	0	Neutral Air		0	0	4	0	0	0	0	0	0	0	0	0	0	0	0	0	0	0	0	0	f	0	0	0	0	0	f	0	0	0	f	f		\N	\N
164	7	0	0	1799	1	3	0	0	Down B (Air)		0	0	0	0	0	0	0	0	0	0	0	0	0	0	0	0	0	0	0	0	f	0	0	0	0	0	f	0	0	0	f	f		\N	\N
165	7	0	0	778	4	1	0	0	Up B		0	0	0	0	0	0	0	0	0	0	0	0	0	0	0	0	0	0	0	0	f	0	0	0	0	0	f	0	0	0	f	f		\N	\N
166	7	0	0	1800	1	2	0	0	Forward B (Air)		0	0	0	0	0	0	0	0	0	0	0	0	0	0	0	0	0	0	0	0	f	0	0	0	0	0	f	0	0	0	f	f		\N	\N
167	8	0	0	791	4	3	0	0	Down B		0	0	0	0	0	0	0	0	0	0	0	0	0	0	0	0	0	0	0	0	f	0	0	0	0	0	f	0	0	0	f	f		\N	\N
168	8	0	0	790	1	4	0	0	Back Air		0	0	0	0	0	0	0	0	0	0	0	0	0	0	0	0	0	0	0	0	f	0	0	0	0	0	f	0	0	0	f	f		\N	\N
169	8	0	0	793	4	0	0	0	Neutral B		0	0	0	0	0	0	0	0	0	0	0	0	0	0	0	0	0	0	0	0	f	0	0	0	0	0	f	0	0	0	f	f		\N	\N
170	8	0	0	792	4	2	0	0	Forward B		0	0	0	0	0	0	0	0	0	0	0	0	0	0	0	0	0	0	0	0	f	0	0	0	0	0	f	0	0	0	f	f		\N	\N
171	8	0	0	794	4	1	0	0	Up B		0	0	0	0	0	0	0	0	0	0	0	0	0	0	0	0	0	0	0	0	f	0	0	0	0	0	f	0	0	0	f	f		\N	\N
172	8	0	0	795	5	5	1	0	Jab 1		0	0	1	0	0	0	0	0	0	0	0	0	0	0	0	0	0	0	0	0	f	0	0	0	0	0	f	0	0	0	f	f		\N	\N
173	8	0	0	796	5	5	2	0	Jab 2		0	0	1	0	0	0	0	0	0	0	0	0	0	0	0	0	0	0	0	0	f	0	0	0	0	0	f	0	0	0	f	f		\N	\N
174	8	0	0	797	3	3	0	0	Down Tilt		0	0	2	0	0	0	0	0	0	0	0	0	0	0	0	0	0	0	0	0	f	0	0	0	0	0	f	0	0	0	f	f		\N	\N
175	8	0	0	800	3	1	0	0	Up Tilt		0	0	2	0	0	0	0	0	0	0	0	0	0	0	0	0	0	0	0	0	f	0	0	0	0	0	f	0	0	0	f	f		\N	\N
176	8	0	0	799	3	2	0	0	Forward Tilt Low		0	0	2	0	0	0	0	0	0	0	0	0	0	0	0	0	0	0	0	0	f	0	0	0	0	0	f	0	0	0	f	f		\N	\N
177	8	0	0	798	3	2	0	0	Forward Tilt High		0	0	2	0	0	0	0	0	0	0	0	0	0	0	0	0	0	0	0	0	f	0	0	0	0	0	f	0	0	0	f	f		\N	\N
178	8	0	0	802	2	2	0	0	Forward Smash		0	0	3	0	0	0	0	0	0	0	0	0	0	0	0	0	0	0	0	0	f	0	0	0	0	0	f	0	0	0	f	f		\N	\N
179	8	0	0	801	2	3	0	0	Down Smash		0	0	3	0	0	0	0	0	0	0	0	0	0	0	0	0	0	0	0	0	f	0	0	0	0	0	f	0	0	0	f	f		\N	\N
180	8	0	0	803	2	1	0	0	Up Smash		0	0	3	0	0	0	0	0	0	0	0	0	0	0	0	0	0	0	0	0	f	0	0	0	0	0	f	0	0	0	f	f		\N	\N
181	8	0	0	806	1	0	0	0	Neutral Air		0	0	4	0	0	0	0	0	0	0	0	0	0	0	0	0	0	0	0	0	f	0	0	0	0	0	f	0	0	0	f	f		\N	\N
182	8	0	0	805	1	2	0	0	Forward Air		0	0	4	0	0	0	0	0	0	0	0	0	0	0	0	0	0	0	0	0	f	0	0	0	0	0	f	0	0	0	f	f		\N	\N
183	8	0	0	804	1	3	0	0	Down Air		0	0	4	0	0	0	0	0	0	0	0	0	0	0	0	0	0	0	0	0	f	0	0	0	0	0	f	0	0	0	f	f		\N	\N
184	8	0	0	807	1	1	0	0	Up Air		0	0	4	0	0	0	0	0	0	0	0	0	0	0	0	0	0	0	0	0	f	0	0	0	0	0	f	0	0	0	f	f		\N	\N
185	8	0	0	809	7	2	0	0	Running Grab		0	0	5	0	0	0	0	0	0	0	0	0	0	0	0	0	0	0	0	0	f	0	0	0	0	0	f	0	0	0	f	f		\N	\N
186	8	0	0	808	6	5	0	0	Dash Attack		0	0	5	0	0	0	0	0	0	0	0	0	0	0	0	0	0	0	0	0	f	0	0	0	0	0	f	0	0	0	f	f		\N	\N
187	8	0	0	812	4	4	0	0	Backwards Roll		0	0	6	0	0	0	0	0	0	0	0	0	0	0	0	0	0	0	0	0	f	0	0	0	0	0	f	0	0	0	f	f		\N	\N
188	8	0	0	814	9	2	0	0	Forward Roll		0	0	6	0	0	0	0	0	0	0	0	0	0	0	0	0	0	0	0	0	f	0	0	0	0	0	f	0	0	0	f	f		\N	\N
189	8	0	0	813	8	5	0	0	Dodge		0	0	6	0	0	0	0	0	0	0	0	0	0	0	0	0	0	0	0	0	f	0	0	0	0	0	f	0	0	0	f	f		\N	\N
190	8	0	0	811	1	5	0	0	Air Dodge		0	0	6	0	0	0	0	0	0	0	0	0	0	0	0	0	0	0	0	0	f	0	0	0	0	0	f	0	0	0	f	f		\N	\N
191	8	0	0	810	7	0	0	0	Standing Grab		0	0	5	0	0	0	0	0	0	0	0	0	0	0	0	0	0	0	0	0	f	0	0	0	0	0	f	0	0	0	f	f		\N	\N
192	9	0	0	815	4	3	0	0	Down B		0	0	0	0	0	0	0	0	0	0	0	0	0	0	0	0	0	0	0	0	f	0	0	0	0	0	f	0	0	0	f	f		\N	\N
193	9	0	0	819	5	5	1	0	Jab 1		0	0	1	0	0	0	0	0	0	0	0	0	0	0	0	0	0	0	0	0	f	0	0	0	0	0	f	0	0	0	f	f		\N	\N
194	9	0	0	820	5	5	2	0	Jab 2		0	0	1	0	0	0	0	0	0	0	0	0	0	0	0	0	0	0	0	0	f	0	0	0	0	0	f	0	0	0	f	f		\N	\N
195	9	0	0	822	3	2	0	0	Forward Tilt		0	0	2	0	0	0	0	0	0	0	0	0	0	0	0	0	0	0	0	0	f	0	0	0	0	0	f	0	0	0	f	f		\N	\N
196	9	0	0	823	3	2	0	0	Forward Tilt High		0	0	2	0	0	0	0	0	0	0	0	0	0	0	0	0	0	0	0	0	f	0	0	0	0	0	f	0	0	0	f	f		\N	\N
197	9	0	0	824	3	2	0	0	Forward Tilt Low		0	0	2	0	0	0	0	0	0	0	0	0	0	0	0	0	0	0	0	0	f	0	0	0	0	0	f	0	0	0	f	f		\N	\N
198	9	0	0	821	3	3	0	0	Down Tilt		0	0	2	0	0	0	0	0	0	0	0	0	0	0	0	0	0	0	0	0	f	0	0	0	0	0	f	0	0	0	f	f		\N	\N
199	9	0	0	825	3	1	0	0	Up Tilt		0	0	2	0	0	0	0	0	0	0	0	0	0	0	0	0	0	0	0	0	f	0	0	0	0	0	f	0	0	0	f	f		\N	\N
200	9	0	0	1801	1	4	0	0	Back Air		0	0	4	0	0	0	0	0	0	0	0	0	0	0	0	0	0	0	0	0	f	0	0	0	0	0	f	0	0	0	f	f		\N	\N
201	9	0	0	833	1	5	0	0	Air Dodge		0	0	6	0	0	0	0	0	0	0	0	0	0	0	0	0	0	0	0	0	f	0	0	0	0	0	f	0	0	0	f	f		\N	\N
202	9	0	0	835	9	2	0	0	Forward Roll		0	0	6	0	0	0	0	0	0	0	0	0	0	0	0	0	0	0	0	0	f	0	0	0	0	0	f	0	0	0	f	f		\N	\N
203	9	0	0	826	2	2	0	0	Forward Smash		0	0	3	0	0	0	0	0	0	0	0	0	0	0	0	0	0	0	0	0	f	0	0	0	0	0	f	0	0	0	f	f		\N	\N
204	9	0	0	829	1	1	0	0	Up Air		0	0	4	0	0	0	0	0	0	0	0	0	0	0	0	0	0	0	0	0	f	0	0	0	0	0	f	0	0	0	f	f		\N	\N
205	9	0	0	817	4	0	0	0	Neutral B		0	0	0	0	0	0	0	0	0	0	0	0	0	0	0	0	0	0	0	0	f	0	0	0	0	0	f	0	0	0	f	f		\N	\N
206	9	0	0	1802	1	0	0	0	Neutral Air		0	0	4	0	0	0	0	0	0	0	0	0	0	0	0	0	0	0	0	0	f	0	0	0	0	0	f	0	0	0	f	f		\N	\N
207	9	0	0	827	1	3	0	0	Down Air		0	0	4	0	0	0	0	0	0	0	0	0	0	0	0	0	0	0	0	0	f	0	0	0	0	0	f	0	0	0	f	f		\N	\N
208	9	0	0	828	1	2	0	0	Forward Air		0	0	4	0	0	0	0	0	0	0	0	0	0	0	0	0	0	0	0	0	f	0	0	0	0	0	f	0	0	0	f	f		\N	\N
209	9	0	0	831	7	2	0	0	Running Grab		0	0	5	0	0	0	0	0	0	0	0	0	0	0	0	0	0	0	0	0	f	0	0	0	0	0	f	0	0	0	f	f		\N	\N
210	9	0	0	816	4	2	0	0	Forward B		0	0	0	0	0	0	0	0	0	0	0	0	0	0	0	0	0	0	0	0	f	0	0	0	0	0	f	0	0	0	f	f		\N	\N
211	9	0	0	818	4	1	0	0	Up B		0	0	0	0	0	0	0	0	0	0	0	0	0	0	0	0	0	0	0	0	f	0	0	0	0	0	f	0	0	0	f	f		\N	\N
212	9	0	0	830	6	5	0	0	Dash Attack		0	0	5	0	0	0	0	0	0	0	0	0	0	0	0	0	0	0	0	0	f	0	0	0	0	0	f	0	0	0	f	f		\N	\N
213	9	0	0	832	7	0	0	0	Standing Grab		0	0	5	0	0	0	0	0	0	0	0	0	0	0	0	0	0	0	0	0	f	0	0	0	0	0	f	0	0	0	f	f		\N	\N
214	9	0	0	834	4	4	0	0	Backwards Roll		0	0	6	0	0	0	0	0	0	0	0	0	0	0	0	0	0	0	0	0	f	0	0	0	0	0	f	0	0	0	f	f		\N	\N
215	10	0	0	837	4	2	0	0	Forward B (air)		0	0	0	0	0	0	0	0	0	0	0	0	0	0	0	0	0	0	0	0	f	0	0	0	0	0	f	0	0	0	f	f		\N	\N
216	10	0	0	840	5	5	1	0	Jab 1		0	0	1	0	0	0	0	0	0	0	0	0	0	0	0	0	0	0	0	0	f	0	0	0	0	0	f	0	0	0	f	f		\N	\N
217	10	0	0	841	5	5	2	0	Jab 2		0	0	1	0	0	0	0	0	0	0	0	0	0	0	0	0	0	0	0	0	f	0	0	0	0	0	f	0	0	0	f	f		\N	\N
218	10	0	0	842	5	5	3	0	Jab 3		0	0	1	0	0	0	0	0	0	0	0	0	0	0	0	0	0	0	0	0	f	0	0	0	0	0	f	0	0	0	f	f		\N	\N
219	10	0	0	843	3	3	0	0	Down Tilt		0	0	2	0	0	0	0	0	0	0	0	0	0	0	0	0	0	0	0	0	f	0	0	0	0	0	f	0	0	0	f	f		\N	\N
220	10	0	0	857	7	0	0	0	Standing Grab		0	0	5	0	0	0	0	0	0	0	0	0	0	0	0	0	0	0	0	0	f	0	0	0	0	0	f	0	0	0	f	f		\N	\N
221	10	0	0	844	3	2	0	0	Forward Tilt High		0	0	2	0	0	0	0	0	0	0	0	0	0	0	0	0	0	0	0	0	f	0	0	0	0	0	f	0	0	0	f	f		\N	\N
222	10	0	0	856	7	2	0	0	Running Grab		0	0	5	0	0	0	0	0	0	0	0	0	0	0	0	0	0	0	0	0	f	0	0	0	0	0	f	0	0	0	f	f		\N	\N
223	10	0	0	839	4	1	0	0	Up B		0	0	0	0	0	0	0	0	0	0	0	0	0	0	0	0	0	0	0	0	f	0	0	0	0	0	f	0	0	0	f	f		\N	\N
224	10	0	0	848	2	2	0	0	Forward Smash		0	0	3	0	0	0	0	0	0	0	0	0	0	0	0	0	0	0	0	0	f	0	0	0	0	0	f	0	0	0	f	f		\N	\N
225	10	0	0	845	3	2	0	0	Forward Tilt Low		0	0	2	0	0	0	0	0	0	0	0	0	0	0	0	0	0	0	0	0	f	0	0	0	0	0	f	0	0	0	f	f		\N	\N
226	10	0	0	846	3	1	0	0	Up Tilt		0	0	2	0	0	0	0	0	0	0	0	0	0	0	0	0	0	0	0	0	f	0	0	0	0	0	f	0	0	0	f	f		\N	\N
227	10	0	0	849	2	1	0	0	Up Smash		0	0	3	0	0	0	0	0	0	0	0	0	0	0	0	0	0	0	0	0	f	0	0	0	0	0	f	0	0	0	f	f		\N	\N
228	10	0	0	847	2	3	0	0	Down Smash		0	0	3	0	0	0	0	0	0	0	0	0	0	0	0	0	0	0	0	0	f	0	0	0	0	0	f	0	0	0	f	f		\N	\N
229	10	0	0	855	6	5	0	0	Dash Attack		0	0	5	0	0	0	0	0	0	0	0	0	0	0	0	0	0	0	0	0	f	0	0	0	0	0	f	0	0	0	f	f		\N	\N
230	10	0	0	850	1	4	0	0	Back Air		0	0	4	0	0	0	0	0	0	0	0	0	0	0	0	0	0	0	0	0	f	0	0	0	0	0	f	0	0	0	f	f		\N	\N
231	10	0	0	853	1	0	0	0	Neutral Air		0	0	4	0	0	0	0	0	0	0	0	0	0	0	0	0	0	0	0	0	f	0	0	0	0	0	f	0	0	0	f	f		\N	\N
232	10	0	0	851	1	3	0	0	Down Air		0	0	4	0	0	0	0	0	0	0	0	0	0	0	0	0	0	0	0	0	f	0	0	0	0	0	f	0	0	0	f	f		\N	\N
233	10	0	0	852	1	2	0	0	Forward Air		0	0	4	0	0	0	0	0	0	0	0	0	0	0	0	0	0	0	0	0	f	0	0	0	0	0	f	0	0	0	f	f		\N	\N
234	10	0	0	838	4	0	0	0	Neutral B		0	0	0	0	0	0	0	0	0	0	0	0	0	0	0	0	0	0	0	0	f	0	0	0	0	0	f	0	0	0	f	f		\N	\N
235	10	0	0	836	4	3	0	0	Down B		0	0	0	0	0	0	0	0	0	0	0	0	0	0	0	0	0	0	0	0	f	0	0	0	0	0	f	0	0	0	f	f		\N	\N
236	10	0	0	854	1	1	0	0	Up Air		0	0	4	0	0	0	0	0	0	0	0	0	0	0	0	0	0	0	0	0	f	0	0	0	0	0	f	0	0	0	f	f		\N	\N
237	11	0	0	859	2	1	0	0	Up Smash		0	0	0	0	0	0	0	0	0	0	0	0	0	0	0	0	0	0	0	0	f	0	0	0	0	0	f	0	0	0	f	f		\N	\N
238	11	0	0	860	5	5	1	0	Jab 1		0	0	1	0	0	0	0	0	0	0	0	0	0	0	0	0	0	0	0	0	f	0	0	0	0	0	f	0	0	0	f	f		\N	\N
239	11	0	0	863	3	2	0	0	Forward Tilt		0	0	2	0	0	0	0	0	0	0	0	0	0	0	0	0	0	0	0	0	f	0	0	0	0	0	f	0	0	0	f	f		\N	\N
240	11	0	0	862	3	3	0	0	Down Tilt		0	0	2	0	0	0	0	0	0	0	0	0	0	0	0	0	0	0	0	0	f	0	0	0	0	0	f	0	0	0	f	f		\N	\N
241	11	0	0	866	2	2	0	0	Forward Smash		0	0	3	0	0	0	0	0	0	0	0	0	0	0	0	0	0	0	0	0	f	0	0	0	0	0	f	0	0	0	f	f		\N	\N
242	11	0	0	870	1	0	0	0	Neutral Air		0	0	4	0	0	0	0	0	0	0	0	0	0	0	0	0	0	0	0	0	f	0	0	0	0	0	f	0	0	0	f	f		\N	\N
243	11	0	0	867	1	4	0	0	Back Air		0	0	4	0	0	0	0	0	0	0	0	0	0	0	0	0	0	0	0	0	f	0	0	0	0	0	f	0	0	0	f	f		\N	\N
244	11	0	0	871	1	1	0	0	Up Air		0	0	4	0	0	0	0	0	0	0	0	0	0	0	0	0	0	0	0	0	f	0	0	0	0	0	f	0	0	0	f	f		\N	\N
245	11	0	0	868	1	3	0	0	Down Air		0	0	4	0	0	0	0	0	0	0	0	0	0	0	0	0	0	0	0	0	f	0	0	0	0	0	f	0	0	0	f	f		\N	\N
246	11	0	0	869	1	2	0	0	Forward Air		0	0	4	0	0	0	0	0	0	0	0	0	0	0	0	0	0	0	0	0	f	0	0	0	0	0	f	0	0	0	f	f		\N	\N
247	11	0	0	872	1	5	0	0	Z Air		0	0	4	0	0	0	0	0	0	0	0	0	0	0	0	0	0	0	0	0	f	0	0	0	0	0	f	0	0	0	f	f		\N	\N
248	11	0	0	873	6	5	0	0	Dash Attack		0	0	5	0	0	0	0	0	0	0	0	0	0	0	0	0	0	0	0	0	f	0	0	0	0	0	f	0	0	0	f	f		\N	\N
249	11	0	0	1804	4	1	0	0	Up B (Ground)		0	0	0	0	0	0	0	0	0	0	0	0	0	0	0	0	0	0	0	0	f	0	0	0	0	0	f	0	0	0	f	f		\N	\N
250	11	0	0	874	7	2	0	0	Running Grab		0	0	5	0	0	0	0	0	0	0	0	0	0	0	0	0	0	0	0	0	f	0	0	0	0	0	f	0	0	0	f	f		\N	\N
251	11	0	0	1805	1	1	0	0	Up B (Air)		0	0	0	0	0	0	0	0	0	0	0	0	0	0	0	0	0	0	0	0	f	0	0	0	0	0	f	0	0	0	f	f		\N	\N
252	11	0	0	858	4	0	0	0	Neutral B		0	0	0	0	0	0	0	0	0	0	0	0	0	0	0	0	0	0	0	0	f	0	0	0	0	0	f	0	0	0	f	f		\N	\N
253	11	0	0	875	7	0	0	0	Standing Grab		0	0	5	0	0	0	0	0	0	0	0	0	0	0	0	0	0	0	0	0	f	0	0	0	0	0	f	0	0	0	f	f		\N	\N
254	11	0	0	1803	4	1	0	0	Up B		0	0	0	0	0	0	0	0	0	0	0	0	0	0	0	0	0	0	0	0	f	0	0	0	0	0	f	0	0	0	f	f		\N	\N
255	11	0	0	861	5	5	2	0	Jab 2		0	0	1	0	0	0	0	0	0	0	0	0	0	0	0	0	0	0	0	0	f	0	0	0	0	0	f	0	0	0	f	f		\N	\N
256	11	0	0	1806	5	5	3	0	Jab 3		0	0	1	0	0	0	0	0	0	0	0	0	0	0	0	0	0	0	0	0	f	0	0	0	0	0	f	0	0	0	f	f		\N	\N
257	11	0	0	865	2	3	0	0	Down Smash		0	0	3	0	0	0	0	0	0	0	0	0	0	0	0	0	0	0	0	0	f	0	0	0	0	0	f	0	0	0	f	f		\N	\N
258	11	0	0	864	3	1	0	0	Up Tilt		0	0	2	0	0	0	0	0	0	0	0	0	0	0	0	0	0	0	0	0	f	0	0	0	0	0	f	0	0	0	f	f		\N	\N
259	11	0	0	1807	5	5	0	0	Jab (Rapid)		0	0	1	0	0	0	0	0	0	0	0	0	0	0	0	0	0	0	0	0	f	0	0	0	0	0	f	0	0	0	f	f		\N	\N
260	12	0	0	879	5	5	1	0	Jab 1		0	0	1	0	0	0	0	0	0	0	0	0	0	0	0	0	0	0	0	0	f	0	0	0	0	0	f	0	0	0	f	f		\N	\N
261	12	0	0	880	5	5	2	0	Jab 2		0	0	1	0	0	0	0	0	0	0	0	0	0	0	0	0	0	0	0	0	f	0	0	0	0	0	f	0	0	0	f	f		\N	\N
262	12	0	0	881	5	5	3	0	Jab 3		0	0	1	0	0	0	0	0	0	0	0	0	0	0	0	0	0	0	0	0	f	0	0	0	0	0	f	0	0	0	f	f		\N	\N
263	12	0	0	884	3	2	0	0	Forward Tilt High		0	0	2	0	0	0	0	0	0	0	0	0	0	0	0	0	0	0	0	0	f	0	0	0	0	0	f	0	0	0	f	f		\N	\N
264	12	0	0	883	3	2	0	0	Forward Tilt		0	0	2	0	0	0	0	0	0	0	0	0	0	0	0	0	0	0	0	0	f	0	0	0	0	0	f	0	0	0	f	f		\N	\N
265	12	0	0	885	3	2	0	0	Forward Tilt Low		0	0	2	0	0	0	0	0	0	0	0	0	0	0	0	0	0	0	0	0	f	0	0	0	0	0	f	0	0	0	f	f		\N	\N
266	12	0	0	894	1	0	0	0	Neutral Air		0	0	4	0	0	0	0	0	0	0	0	0	0	0	0	0	0	0	0	0	f	0	0	0	0	0	f	0	0	0	f	f		\N	\N
267	12	0	0	882	3	3	0	0	Down Tilt		0	0	2	0	0	0	0	0	0	0	0	0	0	0	0	0	0	0	0	0	f	0	0	0	0	0	f	0	0	0	f	f		\N	\N
268	12	0	0	877	4	0	0	0	Neutral B		0	0	0	0	0	0	0	0	0	0	0	0	0	0	0	0	0	0	0	0	f	0	0	0	0	0	f	0	0	0	f	f		\N	\N
269	12	0	0	878	4	1	0	0	Up B		0	0	0	0	0	0	0	0	0	0	0	0	0	0	0	0	0	0	0	0	f	0	0	0	0	0	f	0	0	0	f	f		\N	\N
270	12	0	0	1808	1	3	0	0	Down B (Air)		0	0	0	0	0	0	0	0	0	0	0	0	0	0	0	0	0	0	0	0	f	0	0	0	0	0	f	0	0	0	f	f		\N	\N
271	12	0	0	876	4	2	0	0	Forward B		0	0	0	0	0	0	0	0	0	0	0	0	0	0	0	0	0	0	0	0	f	0	0	0	0	0	f	0	0	0	f	f		\N	\N
272	12	0	0	896	11	5	0	0	Taunt		0	0	5	0	0	0	0	0	0	0	0	0	0	0	0	0	0	0	0	0	f	0	0	0	0	0	f	0	0	0	f	f		\N	\N
273	12	0	0	886	3	1	0	0	Up Tilt		0	0	2	0	0	0	0	0	0	0	0	0	0	0	0	0	0	0	0	0	f	0	0	0	0	0	f	0	0	0	f	f		\N	\N
274	12	0	0	888	2	2	0	0	Forward Smash High		0	0	3	0	0	0	0	0	0	0	0	0	0	0	0	0	0	0	0	0	f	0	0	0	0	0	f	0	0	0	f	f		\N	\N
275	12	0	0	890	2	1	0	0	Up Smash		0	0	3	0	0	0	0	0	0	0	0	0	0	0	0	0	0	0	0	0	f	0	0	0	0	0	f	0	0	0	f	f		\N	\N
276	12	0	0	889	2	2	0	0	Forward Smash Low		0	0	3	0	0	0	0	0	0	0	0	0	0	0	0	0	0	0	0	0	f	0	0	0	0	0	f	0	0	0	f	f		\N	\N
277	12	0	0	895	1	1	0	0	Up Air		0	0	4	0	0	0	0	0	0	0	0	0	0	0	0	0	0	0	0	0	f	0	0	0	0	0	f	0	0	0	f	f		\N	\N
278	12	0	0	887	2	3	0	0	Down Smash		0	0	3	0	0	0	0	0	0	0	0	0	0	0	0	0	0	0	0	0	f	0	0	0	0	0	f	0	0	0	f	f		\N	\N
279	12	0	0	893	1	2	0	0	Forward Air		0	0	4	0	0	0	0	0	0	0	0	0	0	0	0	0	0	0	0	0	f	0	0	0	0	0	f	0	0	0	f	f		\N	\N
280	12	0	0	897	0	1	0	0	Get Up Attack		0	0	6	0	0	0	0	0	0	0	0	0	0	0	0	0	0	0	0	0	f	0	0	0	0	0	f	0	0	0	f	f		\N	\N
281	12	0	0	892	1	3	0	0	Down Air		0	0	4	0	0	0	0	0	0	0	0	0	0	0	0	0	0	0	0	0	f	0	0	0	0	0	f	0	0	0	f	f		\N	\N
282	12	0	0	891	1	4	0	0	Back Air		0	0	4	0	0	0	0	0	0	0	0	0	0	0	0	0	0	0	0	0	f	0	0	0	0	0	f	0	0	0	f	f		\N	\N
283	12	0	0	1809	4	3	0	0	Down B (Ground)		0	0	0	0	0	0	0	0	0	0	0	0	0	0	0	0	0	0	0	0	f	0	0	0	0	0	f	0	0	0	f	f		\N	\N
284	12	0	0	899	7	0	0	0	Standing Grab		0	0	5	0	0	0	0	0	0	0	0	0	0	0	0	0	0	0	0	0	f	0	0	0	0	0	f	0	0	0	f	f		\N	\N
285	12	0	0	898	7	2	0	0	Running Grab		0	0	5	0	0	0	0	0	0	0	0	0	0	0	0	0	0	0	0	0	f	0	0	0	0	0	f	0	0	0	f	f		\N	\N
286	13	0	0	901	4	2	0	0	Forward B		0	0	0	0	0	0	0	0	0	0	0	0	0	0	0	0	0	0	0	0	f	0	0	0	0	0	f	0	0	0	f	f		\N	\N
287	13	0	0	903	5	5	1	0	Jab 1		0	0	1	0	0	0	0	0	0	0	0	0	0	0	0	0	0	0	0	0	f	0	0	0	0	0	f	0	0	0	f	f		\N	\N
288	13	0	0	904	5	5	2	0	Jab 2		0	0	1	0	0	0	0	0	0	0	0	0	0	0	0	0	0	0	0	0	f	0	0	0	0	0	f	0	0	0	f	f		\N	\N
289	13	0	0	905	5	5	3	0	Jab 3		0	0	1	0	0	0	0	0	0	0	0	0	0	0	0	0	0	0	0	0	f	0	0	0	0	0	f	0	0	0	f	f		\N	\N
290	13	0	0	908	3	2	0	0	Forward Tilt High		0	0	2	0	0	0	0	0	0	0	0	0	0	0	0	0	0	0	0	0	f	0	0	0	0	0	f	0	0	0	f	f		\N	\N
291	13	0	0	907	3	2	0	0	Forward Tilt		0	0	2	0	0	0	0	0	0	0	0	0	0	0	0	0	0	0	0	0	f	0	0	0	0	0	f	0	0	0	f	f		\N	\N
292	13	0	0	909	3	2	0	0	Forward Tilt Low		0	0	2	0	0	0	0	0	0	0	0	0	0	0	0	0	0	0	0	0	f	0	0	0	0	0	f	0	0	0	f	f		\N	\N
293	13	0	0	906	3	3	0	0	Down Tilt		0	0	2	0	0	0	0	0	0	0	0	0	0	0	0	0	0	0	0	0	f	0	0	0	0	0	f	0	0	0	f	f		\N	\N
294	13	0	0	910	3	1	0	0	Up Tilt		0	0	2	0	0	0	0	0	0	0	0	0	0	0	0	0	0	0	0	0	f	0	0	0	0	0	f	0	0	0	f	f		\N	\N
295	13	0	0	912	2	2	0	0	Forward Smash High		0	0	3	0	0	0	0	0	0	0	0	0	0	0	0	0	0	0	0	0	f	0	0	0	0	0	f	0	0	0	f	f		\N	\N
296	13	0	0	914	2	1	0	0	Up Smash		0	0	3	0	0	0	0	0	0	0	0	0	0	0	0	0	0	0	0	0	f	0	0	0	0	0	f	0	0	0	f	f		\N	\N
297	13	0	0	919	6	5	0	0	Dash Attack		0	0	5	0	0	0	0	0	0	0	0	0	0	0	0	0	0	0	0	0	f	0	0	0	0	0	f	0	0	0	f	f		\N	\N
298	13	0	0	915	1	4	0	0	Back Air		0	0	4	0	0	0	0	0	0	0	0	0	0	0	0	0	0	0	0	0	f	0	0	0	0	0	f	0	0	0	f	f		\N	\N
299	13	0	0	916	1	2	0	0	Forward Air		0	0	4	0	0	0	0	0	0	0	0	0	0	0	0	0	0	0	0	0	f	0	0	0	0	0	f	0	0	0	f	f		\N	\N
300	13	0	0	900	4	3	0	0	Down B		0	0	0	0	0	0	0	0	0	0	0	0	0	0	0	0	0	0	0	0	f	0	0	0	0	0	f	0	0	0	f	f		\N	\N
301	13	0	0	921	7	0	0	0	Standing Grab		0	0	5	0	0	0	0	0	0	0	0	0	0	0	0	0	0	0	0	0	f	0	0	0	0	0	f	0	0	0	f	f		\N	\N
302	13	0	0	902	4	1	0	0	Up B		0	0	0	0	0	0	0	0	0	0	0	0	0	0	0	0	0	0	0	0	f	0	0	0	0	0	f	0	0	0	f	f		\N	\N
303	13	0	0	913	2	2	0	0	Forward Smash Low		0	0	3	0	0	0	0	0	0	0	0	0	0	0	0	0	0	0	0	0	f	0	0	0	0	0	f	0	0	0	f	f		\N	\N
304	13	0	0	920	7	2	0	0	Running Grab		0	0	5	0	0	0	0	0	0	0	0	0	0	0	0	0	0	0	0	0	f	0	0	0	0	0	f	0	0	0	f	f		\N	\N
305	13	0	0	911	2	3	0	0	Down Smash		0	0	3	0	0	0	0	0	0	0	0	0	0	0	0	0	0	0	0	0	f	0	0	0	0	0	f	0	0	0	f	f		\N	\N
306	13	0	0	917	1	0	0	0	Neutral Air		0	0	4	0	0	0	0	0	0	0	0	0	0	0	0	0	0	0	0	0	f	0	0	0	0	0	f	0	0	0	f	f		\N	\N
307	13	0	0	918	1	1	0	0	Up Air		0	0	4	0	0	0	0	0	0	0	0	0	0	0	0	0	0	0	0	0	f	0	0	0	0	0	f	0	0	0	f	f		\N	\N
308	14	0	0	922	4	3	0	0	Down B		0	0	0	0	0	0	0	0	0	0	0	0	0	0	0	0	0	0	0	0	f	0	0	0	0	0	f	0	0	0	f	f		\N	\N
309	14	0	0	924	4	2	3	0	Forward B 3 Down		0	0	0	0	0	0	0	0	0	0	0	0	0	0	0	0	0	0	0	0	f	0	0	0	0	0	f	0	0	0	f	f		\N	\N
310	14	0	0	930	4	0	0	0	Neutral B		0	0	0	0	0	0	0	0	0	0	0	0	0	0	0	0	0	0	0	0	f	0	0	0	0	0	f	0	0	0	f	f		\N	\N
311	14	0	0	932	5	5	1	0	Jab 1		0	0	1	0	0	0	0	0	0	0	0	0	0	0	0	0	0	0	0	0	f	0	0	0	0	0	f	0	0	0	f	f		\N	\N
312	14	0	0	933	5	5	2	0	Jab 2		0	0	1	0	0	0	0	0	0	0	0	0	0	0	0	0	0	0	0	0	f	0	0	0	0	0	f	0	0	0	f	f		\N	\N
313	14	0	0	935	3	2	0	0	Forward Tilt		0	0	2	0	0	0	0	0	0	0	0	0	0	0	0	0	0	0	0	0	f	0	0	0	0	0	f	0	0	0	f	f		\N	\N
314	14	0	0	934	3	3	0	0	Down Tilt		0	0	2	0	0	0	0	0	0	0	0	0	0	0	0	0	0	0	0	0	f	0	0	0	0	0	f	0	0	0	f	f		\N	\N
315	14	0	0	936	3	1	0	0	Up Tilt		0	0	2	0	0	0	0	0	0	0	0	0	0	0	0	0	0	0	0	0	f	0	0	0	0	0	f	0	0	0	f	f		\N	\N
316	14	0	0	938	2	2	0	0	Forward Smash		0	0	3	0	0	0	0	0	0	0	0	0	0	0	0	0	0	0	0	0	f	0	0	0	0	0	f	0	0	0	f	f		\N	\N
317	14	0	0	939	2	1	0	0	Up Smash		0	0	3	0	0	0	0	0	0	0	0	0	0	0	0	0	0	0	0	0	f	0	0	0	0	0	f	0	0	0	f	f		\N	\N
318	14	0	0	937	2	3	0	0	Down Smash		0	0	3	0	0	0	0	0	0	0	0	0	0	0	0	0	0	0	0	0	f	0	0	0	0	0	f	0	0	0	f	f		\N	\N
319	14	0	0	943	1	0	0	0	Neutral Air		0	0	4	0	0	0	0	0	0	0	0	0	0	0	0	0	0	0	0	0	f	0	0	0	0	0	f	0	0	0	f	f		\N	\N
320	14	0	0	942	1	2	0	0	Forward Air		0	0	4	0	0	0	0	0	0	0	0	0	0	0	0	0	0	0	0	0	f	0	0	0	0	0	f	0	0	0	f	f		\N	\N
321	14	0	0	945	6	5	0	0	Dash Attack		0	0	5	0	0	0	0	0	0	0	0	0	0	0	0	0	0	0	0	0	f	0	0	0	0	0	f	0	0	0	f	f		\N	\N
322	14	0	0	940	1	4	0	0	Back Air		0	0	4	0	0	0	0	0	0	0	0	0	0	0	0	0	0	0	0	0	f	0	0	0	0	0	f	0	0	0	f	f		\N	\N
323	14	0	0	946	7	2	0	0	Running Grab		0	0	5	0	0	0	0	0	0	0	0	0	0	0	0	0	0	0	0	0	f	0	0	0	0	0	f	0	0	0	f	f		\N	\N
324	14	0	0	944	1	1	0	0	Up Air		0	0	4	0	0	0	0	0	0	0	0	0	0	0	0	0	0	0	0	0	f	0	0	0	0	0	f	0	0	0	f	f		\N	\N
325	14	0	0	941	1	3	0	0	Down Air		0	0	4	0	0	0	0	0	0	0	0	0	0	0	0	0	0	0	0	0	f	0	0	0	0	0	f	0	0	0	f	f		\N	\N
326	14	0	0	925	4	0	3	0	Forward B 3 Neutral		0	0	0	0	0	0	0	0	0	0	0	0	0	0	0	0	0	0	0	0	f	0	0	0	0	0	f	0	0	0	f	f		\N	\N
327	14	0	0	926	4	1	3	0	Forward B 3 Up		0	0	0	0	0	0	0	0	0	0	0	0	0	0	0	0	0	0	0	0	f	0	0	0	0	0	f	0	0	0	f	f		\N	\N
328	14	0	0	928	4	0	4	0	Forward B 4 Neutral		0	0	0	0	0	0	0	0	0	0	0	0	0	0	0	0	0	0	0	0	f	0	0	0	0	0	f	0	0	0	f	f		\N	\N
329	14	0	0	927	4	2	4	0	Forward B 4 Down		0	0	0	0	0	0	0	0	0	0	0	0	0	0	0	0	0	0	0	0	f	0	0	0	0	0	f	0	0	0	f	f		\N	\N
330	14	0	0	949	4	4	0	0	Backwards Roll		0	0	6	0	0	0	0	0	0	0	0	0	0	0	0	0	0	0	0	0	f	0	0	0	0	0	f	0	0	0	f	f		\N	\N
331	14	0	0	951	9	2	0	0	Forward Roll		0	0	6	0	0	0	0	0	0	0	0	0	0	0	0	0	0	0	0	0	f	0	0	0	0	0	f	0	0	0	f	f		\N	\N
332	14	0	0	929	4	1	4	0	Forward B 4 Up		0	0	0	0	0	0	0	0	0	0	0	0	0	0	0	0	0	0	0	0	f	0	0	0	0	0	f	0	0	0	f	f		\N	\N
333	14	0	0	1811	4	2	2	0	Forward B 2 (Low)		0	0	0	0	0	0	0	0	0	0	0	0	0	0	0	0	0	0	0	0	f	0	0	0	0	0	f	0	0	0	f	f		\N	\N
334	14	0	0	931	4	1	0	0	Up B		0	0	0	0	0	0	0	0	0	0	0	0	0	0	0	0	0	0	0	0	f	0	0	0	0	0	f	0	0	0	f	f		\N	\N
335	14	0	0	948	1	5	0	0	Air Dodge		0	0	6	0	0	0	0	0	0	0	0	0	0	0	0	0	0	0	0	0	f	0	0	0	0	0	f	0	0	0	f	f		\N	\N
336	14	0	0	950	8	5	0	0	Dodge		0	0	6	0	0	0	0	0	0	0	0	0	0	0	0	0	0	0	0	0	f	0	0	0	0	0	f	0	0	0	f	f		\N	\N
337	14	0	0	947	7	0	0	0	Standing Grab		0	0	5	0	0	0	0	0	0	0	0	0	0	0	0	0	0	0	0	0	f	0	0	0	0	0	f	0	0	0	f	f		\N	\N
338	14	0	0	923	4	2	1	0	Forward B 1		0	0	0	0	0	0	0	0	0	0	0	0	0	0	0	0	0	0	0	0	f	0	0	0	0	0	f	0	0	0	f	f		\N	\N
339	14	0	0	1810	4	2	2	0	Forward B 2 (High)		0	0	0	0	0	0	0	0	0	0	0	0	0	0	0	0	0	0	0	0	f	0	0	0	0	0	f	0	0	0	f	f		\N	\N
340	15	0	0	954	5	5	1	0	Jab 1		0	0	1	0	0	0	0	0	0	0	0	0	0	0	0	0	0	0	0	0	f	0	0	0	0	0	f	0	0	0	f	f		\N	\N
341	15	0	0	955	5	5	2	0	Jab 2		0	0	1	0	0	0	0	0	0	0	0	0	0	0	0	0	0	0	0	0	f	0	0	0	0	0	f	0	0	0	f	f		\N	\N
342	15	0	0	957	3	2	0	0	Forward Tilt		0	0	2	0	0	0	0	0	0	0	0	0	0	0	0	0	0	0	0	0	f	0	0	0	0	0	f	0	0	0	f	f		\N	\N
343	15	0	0	956	3	3	0	0	Down Tilt		0	0	2	0	0	0	0	0	0	0	0	0	0	0	0	0	0	0	0	0	f	0	0	0	0	0	f	0	0	0	f	f		\N	\N
344	15	0	0	961	2	3	0	0	Down Smash		0	0	3	0	0	0	0	0	0	0	0	0	0	0	0	0	0	0	0	0	f	0	0	0	0	0	f	0	0	0	f	f		\N	\N
345	15	0	0	963	2	1	0	0	Up Smash		0	0	3	0	0	0	0	0	0	0	0	0	0	0	0	0	0	0	0	0	f	0	0	0	0	0	f	0	0	0	f	f		\N	\N
346	15	0	0	962	2	2	0	0	Forward Smash		0	0	3	0	0	0	0	0	0	0	0	0	0	0	0	0	0	0	0	0	f	0	0	0	0	0	f	0	0	0	f	f		\N	\N
347	15	0	0	964	1	4	0	0	Back Air		0	0	4	0	0	0	0	0	0	0	0	0	0	0	0	0	0	0	0	0	f	0	0	0	0	0	f	0	0	0	f	f		\N	\N
348	15	0	0	967	1	0	0	0	Neutral Air		0	0	4	0	0	0	0	0	0	0	0	0	0	0	0	0	0	0	0	0	f	0	0	0	0	0	f	0	0	0	f	f		\N	\N
349	15	0	0	966	1	2	0	0	Forward Air		0	0	4	0	0	0	0	0	0	0	0	0	0	0	0	0	0	0	0	0	f	0	0	0	0	0	f	0	0	0	f	f		\N	\N
350	15	0	0	970	6	5	0	0	Dash Attack		0	0	5	0	0	0	0	0	0	0	0	0	0	0	0	0	0	0	0	0	f	0	0	0	0	0	f	0	0	0	f	f		\N	\N
351	15	0	0	969	10	4	0	0	Backwards Throw		0	0	5	0	0	0	0	0	0	0	0	0	0	0	0	0	0	0	0	0	f	0	0	0	0	0	f	0	0	0	f	f		\N	\N
352	15	0	0	958	3	2	0	0	Forward Tilt High		0	0	2	0	0	0	0	0	0	0	0	0	0	0	0	0	0	0	0	0	f	0	0	0	0	0	f	0	0	0	f	f		\N	\N
353	15	0	0	974	1	5	0	0	Air Dodge		0	0	6	0	0	0	0	0	0	0	0	0	0	0	0	0	0	0	0	0	f	0	0	0	0	0	f	0	0	0	f	f		\N	\N
354	15	0	0	952	4	3	0	0	Down B		0	0	0	0	0	0	0	0	0	0	0	0	0	0	0	0	0	0	0	0	f	0	0	0	0	0	f	0	0	0	f	f		\N	\N
355	15	0	0	973	7	0	0	0	Standing Grab		0	0	5	0	0	0	0	0	0	0	0	0	0	0	0	0	0	0	0	0	f	0	0	0	0	0	f	0	0	0	f	f		\N	\N
356	15	0	0	960	3	1	0	0	Up Tilt		0	0	2	0	0	0	0	0	0	0	0	0	0	0	0	0	0	0	0	0	f	0	0	0	0	0	f	0	0	0	f	f		\N	\N
357	15	0	0	959	3	2	0	0	Forward Tilt Low		0	0	2	0	0	0	0	0	0	0	0	0	0	0	0	0	0	0	0	0	f	0	0	0	0	0	f	0	0	0	f	f		\N	\N
358	15	0	0	968	1	1	0	0	Up Air		0	0	4	0	0	0	0	0	0	0	0	0	0	0	0	0	0	0	0	0	f	0	0	0	0	0	f	0	0	0	f	f		\N	\N
359	15	0	0	965	1	3	0	0	Down Air		0	0	4	0	0	0	0	0	0	0	0	0	0	0	0	0	0	0	0	0	f	0	0	0	0	0	f	0	0	0	f	f		\N	\N
360	15	0	0	972	7	2	0	0	Running Grab		0	0	5	0	0	0	0	0	0	0	0	0	0	0	0	0	0	0	0	0	f	0	0	0	0	0	f	0	0	0	f	f		\N	\N
361	15	0	0	953	4	2	0	0	Forward B		0	0	0	0	0	0	0	0	0	0	0	0	0	0	0	0	0	0	0	0	f	0	0	0	0	0	f	0	0	0	f	f		\N	\N
362	15	0	0	977	9	2	0	0	Forward Roll		0	0	6	0	0	0	0	0	0	0	0	0	0	0	0	0	0	0	0	0	f	0	0	0	0	0	f	0	0	0	f	f		\N	\N
363	15	0	0	975	4	4	0	0	Backwards Roll		0	0	6	0	0	0	0	0	0	0	0	0	0	0	0	0	0	0	0	0	f	0	0	0	0	0	f	0	0	0	f	f		\N	\N
364	15	0	0	976	8	5	0	0	Dodge		0	0	6	0	0	0	0	0	0	0	0	0	0	0	0	0	0	0	0	0	f	0	0	0	0	0	f	0	0	0	f	f		\N	\N
365	15	0	0	971	10	2	0	0	Forward Throw		0	0	5	0	0	0	0	0	0	0	0	0	0	0	0	0	0	0	0	0	f	0	0	0	0	0	f	0	0	0	f	f		\N	\N
366	16	0	0	1812	4	3	0	0	Down B		0	0	0	0	0	0	0	0	0	0	0	0	0	0	0	0	0	0	0	0	f	0	0	0	0	0	f	0	0	0	f	f		\N	\N
367	16	0	0	1813	4	3	0	0	Down B (Charged)		0	0	0	0	0	0	0	0	0	0	0	0	0	0	0	0	0	0	0	0	f	0	0	0	0	0	f	0	0	0	f	f		\N	\N
368	16	0	0	978	4	1	0	0	Up B		0	0	0	0	0	0	0	0	0	0	0	0	0	0	0	0	0	0	0	0	f	0	0	0	0	0	f	0	0	0	f	f		\N	\N
369	16	0	0	987	1	0	0	0	Neutral Air		0	0	4	0	0	0	0	0	0	0	0	0	0	0	0	0	0	0	0	0	f	0	0	0	0	0	f	0	0	0	f	f		\N	\N
370	16	0	0	986	1	2	0	0	Forward Air		0	0	4	0	0	0	0	0	0	0	0	0	0	0	0	0	0	0	0	0	f	0	0	0	0	0	f	0	0	0	f	f		\N	\N
371	16	0	0	985	1	3	0	0	Down Air		0	0	4	0	0	0	0	0	0	0	0	0	0	0	0	0	0	0	0	0	f	0	0	0	0	0	f	0	0	0	f	f		\N	\N
372	16	0	0	990	7	2	0	0	Running Grab		0	0	5	0	0	0	0	0	0	0	0	0	0	0	0	0	0	0	0	0	f	0	0	0	0	0	f	0	0	0	f	f		\N	\N
373	16	0	0	1816	5	5	0	0	Jab (Rapid)		0	0	1	0	0	0	0	0	0	0	0	0	0	0	0	0	0	0	0	0	f	0	0	0	0	0	f	0	0	0	f	f		\N	\N
374	16	0	0	981	3	1	0	0	Up Tilt		0	0	2	0	0	0	0	0	0	0	0	0	0	0	0	0	0	0	0	0	f	0	0	0	0	0	f	0	0	0	f	f		\N	\N
375	16	0	0	984	2	1	0	0	Up Smash		0	0	3	0	0	0	0	0	0	0	0	0	0	0	0	0	0	0	0	0	f	0	0	0	0	0	f	0	0	0	f	f		\N	\N
376	16	0	0	983	2	2	0	0	Forward Smash		0	0	3	0	0	0	0	0	0	0	0	0	0	0	0	0	0	0	0	0	f	0	0	0	0	0	f	0	0	0	f	f		\N	\N
377	16	0	0	988	1	1	0	0	Up Air		0	0	4	0	0	0	0	0	0	0	0	0	0	0	0	0	0	0	0	0	f	0	0	0	0	0	f	0	0	0	f	f		\N	\N
378	16	0	0	989	6	5	0	0	Dash Attack		0	0	5	0	0	0	0	0	0	0	0	0	0	0	0	0	0	0	0	0	f	0	0	0	0	0	f	0	0	0	f	f		\N	\N
379	16	0	0	1815	4	0	0	0	Neutral B		0	0	0	0	0	0	0	0	0	0	0	0	0	0	0	0	0	0	0	0	f	0	0	0	0	0	f	0	0	0	f	f		\N	\N
380	16	0	0	982	2	3	0	0	Down Smash		0	0	3	0	0	0	0	0	0	0	0	0	0	0	0	0	0	0	0	0	f	0	0	0	0	0	f	0	0	0	f	f		\N	\N
381	16	0	0	1850	4	2	0	0	Forward B (Weak)		0	0	0	0	0	0	0	0	0	0	0	0	0	0	0	0	0	0	0	0	f	0	0	0	0	0	f	0	0	0	f	f		\N	\N
382	16	0	0	980	3	2	0	0	Forward Tilt		0	0	2	0	0	0	0	0	0	0	0	0	0	0	0	0	0	0	0	0	f	0	0	0	0	0	f	0	0	0	f	f		\N	\N
383	16	0	0	979	3	3	0	0	Down Tilt		0	0	2	0	0	0	0	0	0	0	0	0	0	0	0	0	0	0	0	0	f	0	0	0	0	0	f	0	0	0	f	f		\N	\N
384	16	0	0	991	7	0	0	0	Standing Grab		0	0	5	0	0	0	0	0	0	0	0	0	0	0	0	0	0	0	0	0	f	0	0	0	0	0	f	0	0	0	f	f		\N	\N
385	16	0	0	1814	5	5	0	0	Jab		0	0	1	0	0	0	0	0	0	0	0	0	0	0	0	0	0	0	0	0	f	0	0	0	0	0	f	0	0	0	f	f		\N	\N
386	16	0	0	0	4	2	0	0	Forward B (Strong)		0	0	0	0	0	0	0	0	0	0	0	0	0	0	0	0	0	0	0	0	f	0	0	0	0	0	f	0	0	0	f	f		\N	\N
387	17	0	0	994	5	5	1	0	Jab 1		0	0	1	0	0	0	0	0	0	0	0	0	0	0	0	0	0	0	0	0	f	0	0	0	0	0	f	0	0	0	f	f		\N	\N
388	17	0	0	996	5	5	3	0	Jab 3		0	0	1	0	0	0	0	0	0	0	0	0	0	0	0	0	0	0	0	0	f	0	0	0	0	0	f	0	0	0	f	f		\N	\N
389	17	0	0	995	5	5	2	0	Jab 2		0	0	1	0	0	0	0	0	0	0	0	0	0	0	0	0	0	0	0	0	f	0	0	0	0	0	f	0	0	0	f	f		\N	\N
390	17	0	0	998	3	2	0	0	Forward Tilt High		0	0	2	0	0	0	0	0	0	0	0	0	0	0	0	0	0	0	0	0	f	0	0	0	0	0	f	0	0	0	f	f		\N	\N
391	17	0	0	999	3	2	0	0	Forward Tilt Low		0	0	2	0	0	0	0	0	0	0	0	0	0	0	0	0	0	0	0	0	f	0	0	0	0	0	f	0	0	0	f	f		\N	\N
392	17	0	0	1000	3	1	0	0	Up Tilt		0	0	2	0	0	0	0	0	0	0	0	0	0	0	0	0	0	0	0	0	f	0	0	0	0	0	f	0	0	0	f	f		\N	\N
393	17	0	0	1002	2	2	0	0	Forward Smash		0	0	3	0	0	0	0	0	0	0	0	0	0	0	0	0	0	0	0	0	f	0	0	0	0	0	f	0	0	0	f	f		\N	\N
394	17	0	0	1818	1	2	0	0	Forward B (Air)		0	0	0	0	0	0	0	0	0	0	0	0	0	0	0	0	0	0	0	0	f	0	0	0	0	0	f	0	0	0	f	f		\N	\N
395	17	0	0	1819	4	1	1	0	Up B 1		0	0	0	0	0	0	0	0	0	0	0	0	0	0	0	0	0	0	0	0	f	0	0	0	0	0	f	0	0	0	f	f		\N	\N
396	17	0	0	1009	7	2	0	0	Running Grab		0	0	5	0	0	0	0	0	0	0	0	0	0	0	0	0	0	0	0	0	f	0	0	0	0	0	f	0	0	0	f	f		\N	\N
397	17	0	0	992	4	3	0	0	Down B		0	0	0	0	0	0	0	0	0	0	0	0	0	0	0	0	0	0	0	0	f	0	0	0	0	0	f	0	0	0	f	f		\N	\N
398	17	0	0	1820	4	1	2	0	Up B 2		0	0	0	0	0	0	0	0	0	0	0	0	0	0	0	0	0	0	0	0	f	0	0	0	0	0	f	0	0	0	f	f		\N	\N
399	17	0	0	1821	4	2	0	0	Forward B (Ground)		0	0	0	0	0	0	0	0	0	0	0	0	0	0	0	0	0	0	0	0	f	0	0	0	0	0	f	0	0	0	f	f		\N	\N
400	17	0	0	993	4	0	0	0	Neutral B		0	0	0	0	0	0	0	0	0	0	0	0	0	0	0	0	0	0	0	0	f	0	0	0	0	0	f	0	0	0	f	f		\N	\N
401	17	0	0	1008	6	5	0	0	Dash Attack		0	0	5	0	0	0	0	0	0	0	0	0	0	0	0	0	0	0	0	0	f	0	0	0	0	0	f	0	0	0	f	f		\N	\N
402	17	0	0	1010	7	0	0	0	Standing Grab		0	0	5	0	0	0	0	0	0	0	0	0	0	0	0	0	0	0	0	0	f	0	0	0	0	0	f	0	0	0	f	f		\N	\N
403	17	0	0	1007	1	1	0	0	Up Air		0	0	4	0	0	0	0	0	0	0	0	0	0	0	0	0	0	0	0	0	f	0	0	0	0	0	f	0	0	0	f	f		\N	\N
404	17	0	0	1005	1	2	0	0	Forward Air		0	0	4	0	0	0	0	0	0	0	0	0	0	0	0	0	0	0	0	0	f	0	0	0	0	0	f	0	0	0	f	f		\N	\N
405	17	0	0	1003	1	4	0	0	Back Air		0	0	4	0	0	0	0	0	0	0	0	0	0	0	0	0	0	0	0	0	f	0	0	0	0	0	f	0	0	0	f	f		\N	\N
406	17	0	0	1004	1	3	0	0	Down Air		0	0	4	0	0	0	0	0	0	0	0	0	0	0	0	0	0	0	0	0	f	0	0	0	0	0	f	0	0	0	f	f		\N	\N
407	17	0	0	1006	1	0	0	0	Neutral Air		0	0	4	0	0	0	0	0	0	0	0	0	0	0	0	0	0	0	0	0	f	0	0	0	0	0	f	0	0	0	f	f		\N	\N
408	17	0	0	1001	2	3	0	0	Down Smash		0	0	3	0	0	0	0	0	0	0	0	0	0	0	0	0	0	0	0	0	f	0	0	0	0	0	f	0	0	0	f	f		\N	\N
409	17	0	0	997	3	3	0	0	Down Tilt		0	0	2	0	0	0	0	0	0	0	0	0	0	0	0	0	0	0	0	0	f	0	0	0	0	0	f	0	0	0	f	f		\N	\N
410	18	0	0	1018	3	2	0	0	Forward Tilt		0	0	2	0	0	0	0	0	0	0	0	0	0	0	0	0	0	0	0	0	f	0	0	0	0	0	f	0	0	0	f	f		\N	\N
411	18	0	0	1019	3	1	0	0	Up Tilt		0	0	2	0	0	0	0	0	0	0	0	0	0	0	0	0	0	0	0	0	f	0	0	0	0	0	f	0	0	0	f	f		\N	\N
412	18	0	0	1020	2	3	0	0	Down Smash		0	0	3	0	0	0	0	0	0	0	0	0	0	0	0	0	0	0	0	0	f	0	0	0	0	0	f	0	0	0	f	f		\N	\N
413	18	0	0	1822	2	2	0	0	Forward Smash (Golf Club)		0	0	3	0	0	0	0	0	0	0	0	0	0	0	0	0	0	0	0	0	f	0	0	0	0	0	f	0	0	0	f	f		\N	\N
414	18	0	0	1823	2	2	0	0	Forward Smash (Racket)		0	0	3	0	0	0	0	0	0	0	0	0	0	0	0	0	0	0	0	0	f	0	0	0	0	0	f	0	0	0	f	f		\N	\N
415	18	0	0	1824	2	2	0	0	Forward Smash (Frying Pan)		0	0	3	0	0	0	0	0	0	0	0	0	0	0	0	0	0	0	0	0	f	0	0	0	0	0	f	0	0	0	f	f		\N	\N
416	18	0	0	1021	2	1	0	0	Up Smash		0	0	3	0	0	0	0	0	0	0	0	0	0	0	0	0	0	0	0	0	f	0	0	0	0	0	f	0	0	0	f	f		\N	\N
417	18	0	0	1023	1	3	0	0	Down Air		0	0	4	0	0	0	0	0	0	0	0	0	0	0	0	0	0	0	0	0	f	0	0	0	0	0	f	0	0	0	f	f		\N	\N
418	18	0	0	1022	1	4	0	0	Back Air		0	0	4	0	0	0	0	0	0	0	0	0	0	0	0	0	0	0	0	0	f	0	0	0	0	0	f	0	0	0	f	f		\N	\N
419	18	0	0	1024	1	2	0	0	Forward Air		0	0	4	0	0	0	0	0	0	0	0	0	0	0	0	0	0	0	0	0	f	0	0	0	0	0	f	0	0	0	f	f		\N	\N
420	18	0	0	1028	7	2	0	0	Running Grab		0	0	5	0	0	0	0	0	0	0	0	0	0	0	0	0	0	0	0	0	f	0	0	0	0	0	f	0	0	0	f	f		\N	\N
421	18	0	0	1027	6	5	0	0	Dash Attack		0	0	5	0	0	0	0	0	0	0	0	0	0	0	0	0	0	0	0	0	f	0	0	0	0	0	f	0	0	0	f	f		\N	\N
422	18	0	0	1033	10	5	0	0	Throw		0	0	6	0	0	0	0	0	0	0	0	0	0	0	0	0	0	0	0	0	f	0	0	0	0	0	f	0	0	0	f	f		\N	\N
423	18	0	0	1017	3	3	0	0	Down Tilt		0	0	2	0	0	0	0	0	0	0	0	0	0	0	0	0	0	0	0	0	f	0	0	0	0	0	f	0	0	0	f	f		\N	\N
424	18	0	0	1012	4	2	0	0	Forward B		0	0	0	0	0	0	0	0	0	0	0	0	0	0	0	0	0	0	0	0	f	0	0	0	0	0	f	0	0	0	f	f		\N	\N
425	18	0	0	1013	4	2	0	0	Forward B (air)		0	0	0	0	0	0	0	0	0	0	0	0	0	0	0	0	0	0	0	0	f	0	0	0	0	0	f	0	0	0	f	f		\N	\N
426	18	0	0	1014	4	1	0	0	Up B		0	0	0	0	0	0	0	0	0	0	0	0	0	0	0	0	0	0	0	0	f	0	0	0	0	0	f	0	0	0	f	f		\N	\N
427	18	0	0	1032	9	2	0	0	Forward Roll		0	0	6	0	0	0	0	0	0	0	0	0	0	0	0	0	0	0	0	0	f	0	0	0	0	0	f	0	0	0	f	f		\N	\N
428	18	0	0	1031	8	5	0	0	Dodge		0	0	6	0	0	0	0	0	0	0	0	0	0	0	0	0	0	0	0	0	f	0	0	0	0	0	f	0	0	0	f	f		\N	\N
429	18	0	0	1030	1	5	0	0	Air Dodge		0	0	6	0	0	0	0	0	0	0	0	0	0	0	0	0	0	0	0	0	f	0	0	0	0	0	f	0	0	0	f	f		\N	\N
430	18	0	0	1016	5	5	2	0	Jab 2		0	0	1	0	0	0	0	0	0	0	0	0	0	0	0	0	0	0	0	0	f	0	0	0	0	0	f	0	0	0	f	f		\N	\N
431	18	0	0	1026	1	1	0	0	Up Air		0	0	4	0	0	0	0	0	0	0	0	0	0	0	0	0	0	0	0	0	f	0	0	0	0	0	f	0	0	0	f	f		\N	\N
432	18	0	0	1025	1	0	0	0	Neutral Air		0	0	4	0	0	0	0	0	0	0	0	0	0	0	0	0	0	0	0	0	f	0	0	0	0	0	f	0	0	0	f	f		\N	\N
433	18	0	0	1015	5	5	1	0	Jab 1		0	0	1	0	0	0	0	0	0	0	0	0	0	0	0	0	0	0	0	0	f	0	0	0	0	0	f	0	0	0	f	f		\N	\N
434	18	0	0	1011	4	3	0	0	Down B		0	0	0	0	0	0	0	0	0	0	0	0	0	0	0	0	0	0	0	0	f	0	0	0	0	0	f	0	0	0	f	f		\N	\N
435	18	0	0	1029	7	0	0	0	Standing Grab		0	0	5	0	0	0	0	0	0	0	0	0	0	0	0	0	0	0	0	0	f	0	0	0	0	0	f	0	0	0	f	f		\N	\N
436	19	0	0	1040	3	1	0	0	Up Tilt		0	0	2	0	0	0	0	0	0	0	0	0	0	0	0	0	0	0	0	0	f	0	0	0	0	0	f	0	0	0	f	f		\N	\N
437	19	0	0	1053	8	5	0	0	Dodge		0	0	6	0	0	0	0	0	0	0	0	0	0	0	0	0	0	0	0	0	f	0	0	0	0	0	f	0	0	0	f	f		\N	\N
438	19	0	0	1035	4	0	0	0	Neutral B (air)		0	0	0	0	0	0	0	0	0	0	0	0	0	0	0	0	0	0	0	0	f	0	0	0	0	0	f	0	0	0	f	f		\N	\N
439	19	0	0	1037	3	3	0	0	Down Tilt		0	0	2	0	0	0	0	0	0	0	0	0	0	0	0	0	0	0	0	0	f	0	0	0	0	0	f	0	0	0	f	f		\N	\N
440	19	0	0	1036	5	5	1	0	Jab 1		0	0	1	0	0	0	0	0	0	0	0	0	0	0	0	0	0	0	0	0	f	0	0	0	0	0	f	0	0	0	f	f		\N	\N
441	19	0	0	1039	3	2	0	0	Forward Tilt Low		0	0	2	0	0	0	0	0	0	0	0	0	0	0	0	0	0	0	0	0	f	0	0	0	0	0	f	0	0	0	f	f		\N	\N
442	19	0	0	1045	1	3	0	0	Down Air		0	0	4	0	0	0	0	0	0	0	0	0	0	0	0	0	0	0	0	0	f	0	0	0	0	0	f	0	0	0	f	f		\N	\N
443	19	0	0	1038	3	2	0	0	Forward Tilt High		0	0	2	0	0	0	0	0	0	0	0	0	0	0	0	0	0	0	0	0	f	0	0	0	0	0	f	0	0	0	f	f		\N	\N
444	19	0	0	1043	2	1	0	0	Up Smash		0	0	3	0	0	0	0	0	0	0	0	0	0	0	0	0	0	0	0	0	f	0	0	0	0	0	f	0	0	0	f	f		\N	\N
445	19	0	0	1041	2	3	0	0	Down Smash		0	0	3	0	0	0	0	0	0	0	0	0	0	0	0	0	0	0	0	0	f	0	0	0	0	0	f	0	0	0	f	f		\N	\N
446	19	0	0	1044	1	4	0	0	Back Air		0	0	4	0	0	0	0	0	0	0	0	0	0	0	0	0	0	0	0	0	f	0	0	0	0	0	f	0	0	0	f	f		\N	\N
447	19	0	0	1034	4	2	0	0	Forward B		0	0	0	0	0	0	0	0	0	0	0	0	0	0	0	0	0	0	0	0	f	0	0	0	0	0	f	0	0	0	f	f		\N	\N
448	19	0	0	1050	7	2	0	0	Running Grab		0	0	5	0	0	0	0	0	0	0	0	0	0	0	0	0	0	0	0	0	f	0	0	0	0	0	f	0	0	0	f	f		\N	\N
449	19	0	0	1046	1	2	0	0	Forward Air		0	0	4	0	0	0	0	0	0	0	0	0	0	0	0	0	0	0	0	0	f	0	0	0	0	0	f	0	0	0	f	f		\N	\N
450	19	0	0	1048	1	1	0	0	Up Air		0	0	4	0	0	0	0	0	0	0	0	0	0	0	0	0	0	0	0	0	f	0	0	0	0	0	f	0	0	0	f	f		\N	\N
451	19	0	0	1054	9	2	0	0	Forward Roll		0	0	6	0	0	0	0	0	0	0	0	0	0	0	0	0	0	0	0	0	f	0	0	0	0	0	f	0	0	0	f	f		\N	\N
452	19	0	0	1049	6	5	0	0	Dash Attack		0	0	5	0	0	0	0	0	0	0	0	0	0	0	0	0	0	0	0	0	f	0	0	0	0	0	f	0	0	0	f	f		\N	\N
453	19	0	0	1042	2	2	0	0	Forward Smash		0	0	3	0	0	0	0	0	0	0	0	0	0	0	0	0	0	0	0	0	f	0	0	0	0	0	f	0	0	0	f	f		\N	\N
454	19	0	0	1051	7	0	0	0	Standing Grab		0	0	5	0	0	0	0	0	0	0	0	0	0	0	0	0	0	0	0	0	f	0	0	0	0	0	f	0	0	0	f	f		\N	\N
455	19	0	0	1052	1	5	0	0	Air Dodge		0	0	6	0	0	0	0	0	0	0	0	0	0	0	0	0	0	0	0	0	f	0	0	0	0	0	f	0	0	0	f	f		\N	\N
456	19	0	0	1047	4	2	0	0	Forward B (air)		0	0	4	0	0	0	0	0	0	0	0	0	0	0	0	0	0	0	0	0	f	0	0	0	0	0	f	0	0	0	f	f		\N	\N
457	20	0	0	1055	4	3	0	0	Down B		0	0	0	0	0	0	0	0	0	0	0	0	0	0	0	0	0	0	0	0	f	0	0	0	0	0	f	0	0	0	f	f		\N	\N
458	20	0	0	1059	5	5	1	0	Jab 1		0	0	1	0	0	0	0	0	0	0	0	0	0	0	0	0	0	0	0	0	f	0	0	0	0	0	f	0	0	0	f	f		\N	\N
459	20	0	0	1061	3	2	0	0	Forward Tilt High		0	0	2	0	0	0	0	0	0	0	0	0	0	0	0	0	0	0	0	0	f	0	0	0	0	0	f	0	0	0	f	f		\N	\N
460	20	0	0	1062	3	2	0	0	Forward Tilt Low		0	0	2	0	0	0	0	0	0	0	0	0	0	0	0	0	0	0	0	0	f	0	0	0	0	0	f	0	0	0	f	f		\N	\N
461	20	0	0	1063	3	1	0	0	Up Tilt		0	0	2	0	0	0	0	0	0	0	0	0	0	0	0	0	0	0	0	0	f	0	0	0	0	0	f	0	0	0	f	f		\N	\N
462	20	0	0	1060	3	3	0	0	Down Tilt		0	0	2	0	0	0	0	0	0	0	0	0	0	0	0	0	0	0	0	0	f	0	0	0	0	0	f	0	0	0	f	f		\N	\N
463	20	0	0	1064	2	3	0	0	Down Smash		0	0	3	0	0	0	0	0	0	0	0	0	0	0	0	0	0	0	0	0	f	0	0	0	0	0	f	0	0	0	f	f		\N	\N
464	20	0	0	1065	2	2	0	0	Forward Smash		0	0	3	0	0	0	0	0	0	0	0	0	0	0	0	0	0	0	0	0	f	0	0	0	0	0	f	0	0	0	f	f		\N	\N
465	20	0	0	1071	1	1	0	0	Up Air		0	0	4	0	0	0	0	0	0	0	0	0	0	0	0	0	0	0	0	0	f	0	0	0	0	0	f	0	0	0	f	f		\N	\N
466	20	0	0	1074	7	0	0	0	Standing Grab		0	0	5	0	0	0	0	0	0	0	0	0	0	0	0	0	0	0	0	0	f	0	0	0	0	0	f	0	0	0	f	f		\N	\N
467	20	0	0	1057	4	0	0	0	Neutral B (air)		0	0	0	0	0	0	0	0	0	0	0	0	0	0	0	0	0	0	0	0	f	0	0	0	0	0	f	0	0	0	f	f		\N	\N
468	20	0	0	1078	9	2	0	0	Forward Roll		0	0	6	0	0	0	0	0	0	0	0	0	0	0	0	0	0	0	0	0	f	0	0	0	0	0	f	0	0	0	f	f		\N	\N
469	20	0	0	1072	6	5	0	0	Dash Attack		0	0	5	0	0	0	0	0	0	0	0	0	0	0	0	0	0	0	0	0	f	0	0	0	0	0	f	0	0	0	f	f		\N	\N
470	20	0	0	1066	2	1	0	0	Up Smash		0	0	3	0	0	0	0	0	0	0	0	0	0	0	0	0	0	0	0	0	f	0	0	0	0	0	f	0	0	0	f	f		\N	\N
471	20	0	0	1070	1	0	0	0	Neutral Air		0	0	4	0	0	0	0	0	0	0	0	0	0	0	0	0	0	0	0	0	f	0	0	0	0	0	f	0	0	0	f	f		\N	\N
472	20	0	0	1075	1	5	0	0	Air Dodge		0	0	6	0	0	0	0	0	0	0	0	0	0	0	0	0	0	0	0	0	f	0	0	0	0	0	f	0	0	0	f	f		\N	\N
473	20	0	0	1073	7	2	0	0	Running Grab		0	0	5	0	0	0	0	0	0	0	0	0	0	0	0	0	0	0	0	0	f	0	0	0	0	0	f	0	0	0	f	f		\N	\N
474	20	0	0	1077	8	5	0	0	Dodge		0	0	6	0	0	0	0	0	0	0	0	0	0	0	0	0	0	0	0	0	f	0	0	0	0	0	f	0	0	0	f	f		\N	\N
475	20	0	0	1058	4	1	0	0	Up B		0	0	0	0	0	0	0	0	0	0	0	0	0	0	0	0	0	0	0	0	f	0	0	0	0	0	f	0	0	0	f	f		\N	\N
476	20	0	0	1056	4	2	0	0	Forward B		0	0	0	0	0	0	0	0	0	0	0	0	0	0	0	0	0	0	0	0	f	0	0	0	0	0	f	0	0	0	f	f		\N	\N
477	20	0	0	1076	4	4	0	0	Backwards Roll		0	0	6	0	0	0	0	0	0	0	0	0	0	0	0	0	0	0	0	0	f	0	0	0	0	0	f	0	0	0	f	f		\N	\N
478	20	0	0	1067	1	4	0	0	Back Air		0	0	4	0	0	0	0	0	0	0	0	0	0	0	0	0	0	0	0	0	f	0	0	0	0	0	f	0	0	0	f	f		\N	\N
479	20	0	0	1068	1	3	0	0	Down Air		0	0	4	0	0	0	0	0	0	0	0	0	0	0	0	0	0	0	0	0	f	0	0	0	0	0	f	0	0	0	f	f		\N	\N
480	20	0	0	1069	1	2	0	0	Forward Air		0	0	4	0	0	0	0	0	0	0	0	0	0	0	0	0	0	0	0	0	f	0	0	0	0	0	f	0	0	0	f	f		\N	\N
481	21	0	0	1079	4	3	0	0	Down B		0	0	0	0	0	0	0	0	0	0	0	0	0	0	0	0	0	0	0	0	f	0	0	0	0	0	f	0	0	0	f	f		\N	\N
482	21	0	0	1087	4	0	0	0	Neutral B		0	0	0	0	0	0	0	0	0	0	0	0	0	0	0	0	0	0	0	0	f	0	0	0	0	0	f	0	0	0	f	f		\N	\N
483	21	0	0	1089	4	1	0	0	Up B		0	0	0	0	0	0	0	0	0	0	0	0	0	0	0	0	0	0	0	0	f	0	0	0	0	0	f	0	0	0	f	f		\N	\N
484	21	0	0	1090	5	5	1	0	Jab 1		0	0	1	0	0	0	0	0	0	0	0	0	0	0	0	0	0	0	0	0	f	0	0	0	0	0	f	0	0	0	f	f		\N	\N
485	21	0	0	1093	1	0	0	0	Neutral Air		0	0	2	0	0	0	0	0	0	0	0	0	0	0	0	0	0	0	0	0	f	0	0	0	0	0	f	0	0	0	f	f		\N	\N
486	21	0	0	1091	3	3	0	0	Down Tilt		0	0	2	0	0	0	0	0	0	0	0	0	0	0	0	0	0	0	0	0	f	0	0	0	0	0	f	0	0	0	f	f		\N	\N
487	21	0	0	1094	3	1	0	0	Up Tilt		0	0	2	0	0	0	0	0	0	0	0	0	0	0	0	0	0	0	0	0	f	0	0	0	0	0	f	0	0	0	f	f		\N	\N
488	21	0	0	1092	3	2	0	0	Forward Tilt		0	0	2	0	0	0	0	0	0	0	0	0	0	0	0	0	0	0	0	0	f	0	0	0	0	0	f	0	0	0	f	f		\N	\N
489	21	0	0	1097	2	1	0	0	Up Smash		0	0	3	0	0	0	0	0	0	0	0	0	0	0	0	0	0	0	0	0	f	0	0	0	0	0	f	0	0	0	f	f		\N	\N
490	21	0	0	1095	2	3	0	0	Down Smash		0	0	3	0	0	0	0	0	0	0	0	0	0	0	0	0	0	0	0	0	f	0	0	0	0	0	f	0	0	0	f	f		\N	\N
491	21	0	0	1096	2	2	0	0	Forward Smash		0	0	3	0	0	0	0	0	0	0	0	0	0	0	0	0	0	0	0	0	f	0	0	0	0	0	f	0	0	0	f	f		\N	\N
492	21	0	0	1100	1	2	0	0	Forward Air		0	0	4	0	0	0	0	0	0	0	0	0	0	0	0	0	0	0	0	0	f	0	0	0	0	0	f	0	0	0	f	f		\N	\N
493	21	0	0	1099	1	3	0	0	Down Air		0	0	4	0	0	0	0	0	0	0	0	0	0	0	0	0	0	0	0	0	f	0	0	0	0	0	f	0	0	0	f	f		\N	\N
494	21	0	0	1098	1	4	0	0	Back Air		0	0	4	0	0	0	0	0	0	0	0	0	0	0	0	0	0	0	0	0	f	0	0	0	0	0	f	0	0	0	f	f		\N	\N
495	21	0	0	1101	1	1	0	0	Up Air		0	0	4	0	0	0	0	0	0	0	0	0	0	0	0	0	0	0	0	0	f	0	0	0	0	0	f	0	0	0	f	f		\N	\N
496	21	0	0	1102	6	5	0	0	Dash Attack		0	0	5	0	0	0	0	0	0	0	0	0	0	0	0	0	0	0	0	0	f	0	0	0	0	0	f	0	0	0	f	f		\N	\N
497	21	0	0	1107	8	5	0	0	Dodge		0	0	6	0	0	0	0	0	0	0	0	0	0	0	0	0	0	0	0	0	f	0	0	0	0	0	f	0	0	0	f	f		\N	\N
498	21	0	0	1085	4	0	4	0	Forward B 4 Neutral		0	0	0	0	0	0	0	0	0	0	0	0	0	0	0	0	0	0	0	0	f	0	0	0	0	0	f	0	0	0	f	f		\N	\N
499	21	0	0	1086	4	1	4	0	Forward B 4 Up		0	0	0	0	0	0	0	0	0	0	0	0	0	0	0	0	0	0	0	0	f	0	0	0	0	0	f	0	0	0	f	f		\N	\N
500	21	0	0	1825	4	2	2	0	Forward B 2 (High)		0	0	0	0	0	0	0	0	0	0	0	0	0	0	0	0	0	0	0	0	f	0	0	0	0	0	f	0	0	0	f	f		\N	\N
501	21	0	0	1105	1	5	0	0	Air Dodge		0	0	6	0	0	0	0	0	0	0	0	0	0	0	0	0	0	0	0	0	f	0	0	0	0	0	f	0	0	0	f	f		\N	\N
502	21	0	0	1083	4	1	3	0	Forward B 3 Up		0	0	0	0	0	0	0	0	0	0	0	0	0	0	0	0	0	0	0	0	f	0	0	0	0	0	f	0	0	0	f	f		\N	\N
503	21	0	0	1826	4	2	2	0	Forward B 2 (Low)		0	0	0	0	0	0	0	0	0	0	0	0	0	0	0	0	0	0	0	0	f	0	0	0	0	0	f	0	0	0	f	f		\N	\N
504	21	0	0	1082	4	0	3	0	Forward B 3 Neutral		0	0	0	0	0	0	0	0	0	0	0	0	0	0	0	0	0	0	0	0	f	0	0	0	0	0	f	0	0	0	f	f		\N	\N
505	21	0	0	1088	4	0	0	0	Neutral B (air)		0	0	0	0	0	0	0	0	0	0	0	0	0	0	0	0	0	0	0	0	f	0	0	0	0	0	f	0	0	0	f	f		\N	\N
506	21	0	0	1081	4	2	3	0	Forward B 3 Down		0	0	0	0	0	0	0	0	0	0	0	0	0	0	0	0	0	0	0	0	f	0	0	0	0	0	f	0	0	0	f	f		\N	\N
507	21	0	0	1084	4	2	4	0	Forward B 4 Down		0	0	0	0	0	0	0	0	0	0	0	0	0	0	0	0	0	0	0	0	f	0	0	0	0	0	f	0	0	0	f	f		\N	\N
508	21	0	0	1080	4	2	1	0	Forward B 1		0	0	0	0	0	0	0	0	0	0	0	0	0	0	0	0	0	0	0	0	f	0	0	0	0	0	f	0	0	0	f	f		\N	\N
509	21	0	0	1104	7	0	0	0	Standing Grab		0	0	5	0	0	0	0	0	0	0	0	0	0	0	0	0	0	0	0	0	f	0	0	0	0	0	f	0	0	0	f	f		\N	\N
510	21	0	0	1106	4	4	0	0	Backwards Roll		0	0	6	0	0	0	0	0	0	0	0	0	0	0	0	0	0	0	0	0	f	0	0	0	0	0	f	0	0	0	f	f		\N	\N
511	21	0	0	1108	4	1	4	0	Forward B 4 Up		0	0	6	0	0	0	0	0	0	0	0	0	0	0	0	0	0	0	0	0	f	0	0	0	0	0	f	0	0	0	f	f		\N	\N
512	21	0	0	1103	7	2	0	0	Running Grab		0	0	5	0	0	0	0	0	0	0	0	0	0	0	0	0	0	0	0	0	f	0	0	0	0	0	f	0	0	0	f	f		\N	\N
513	22	0	0	1832	1	1	0	0	Up B (Air)		0	0	0	0	0	0	0	0	0	0	0	0	0	0	0	0	0	0	0	0	f	0	0	0	0	0	f	0	0	0	f	f		\N	\N
514	22	0	0	1112	5	5	1	0	Jab 1		0	0	1	0	0	0	0	0	0	0	0	0	0	0	0	0	0	0	0	0	f	0	0	0	0	0	f	0	0	0	f	f		\N	\N
515	22	0	0	1121	1	4	0	0	Back Air		0	0	4	0	0	0	0	0	0	0	0	0	0	0	0	0	0	0	0	0	f	0	0	0	0	0	f	0	0	0	f	f		\N	\N
516	22	0	0	1122	1	3	0	0	Down Air		0	0	4	0	0	0	0	0	0	0	0	0	0	0	0	0	0	0	0	0	f	0	0	0	0	0	f	0	0	0	f	f		\N	\N
517	22	0	0	1115	3	2	0	0	Forward Tilt High		0	0	2	0	0	0	0	0	0	0	0	0	0	0	0	0	0	0	0	0	f	0	0	0	0	0	f	0	0	0	f	f		\N	\N
518	22	0	0	1828	1	2	0	0	Forward B (Air) (Strong)		0	0	0	0	0	0	0	0	0	0	0	0	0	0	0	0	0	0	0	0	f	0	0	0	0	0	f	0	0	0	f	f		\N	\N
519	22	0	0	1118	2	3	0	0	Down Smash		0	0	3	0	0	0	0	0	0	0	0	0	0	0	0	0	0	0	0	0	f	0	0	0	0	0	f	0	0	0	f	f		\N	\N
520	22	0	0	1120	2	1	0	0	Up Smash		0	0	3	0	0	0	0	0	0	0	0	0	0	0	0	0	0	0	0	0	f	0	0	0	0	0	f	0	0	0	f	f		\N	\N
521	22	0	0	1113	5	5	2	0	Jab 2		0	0	1	0	0	0	0	0	0	0	0	0	0	0	0	0	0	0	0	0	f	0	0	0	0	0	f	0	0	0	f	f		\N	\N
522	22	0	0	1109	4	3	0	0	Down B		0	0	0	0	0	0	0	0	0	0	0	0	0	0	0	0	0	0	0	0	f	0	0	0	0	0	f	0	0	0	f	f		\N	\N
523	22	0	0	1831	4	2	0	0	Forward B (Ground) (Weak)		0	0	0	0	0	0	0	0	0	0	0	0	0	0	0	0	0	0	0	0	f	0	0	0	0	0	f	0	0	0	f	f		\N	\N
524	22	0	0	1111	4	0	0	0	Neutral B (charged)		0	0	0	0	0	0	0	0	0	0	0	0	0	0	0	0	0	0	0	0	f	0	0	0	0	0	f	0	0	0	f	f		\N	\N
525	22	0	0	1830	1	2	0	0	Forward B (Air) (Weak)		0	0	0	0	0	0	0	0	0	0	0	0	0	0	0	0	0	0	0	0	f	0	0	0	0	0	f	0	0	0	f	f		\N	\N
526	22	0	0	1829	4	2	0	0	Forward B (Ground) (Strong)		0	0	0	0	0	0	0	0	0	0	0	0	0	0	0	0	0	0	0	0	f	0	0	0	0	0	f	0	0	0	f	f		\N	\N
527	22	0	0	1110	4	0	0	0	Neutral B		0	0	0	0	0	0	0	0	0	0	0	0	0	0	0	0	0	0	0	0	f	0	0	0	0	0	f	0	0	0	f	f		\N	\N
528	22	0	0	1827	4	1	0	0	Up B (Ground)		0	0	0	0	0	0	0	0	0	0	0	0	0	0	0	0	0	0	0	0	f	0	0	0	0	0	f	0	0	0	f	f		\N	\N
529	22	0	0	1129	1	5	0	0	Air Dodge		0	0	6	0	0	0	0	0	0	0	0	0	0	0	0	0	0	0	0	0	f	0	0	0	0	0	f	0	0	0	f	f		\N	\N
530	22	0	0	1130	4	4	0	0	Backwards Roll		0	0	6	0	0	0	0	0	0	0	0	0	0	0	0	0	0	0	0	0	f	0	0	0	0	0	f	0	0	0	f	f		\N	\N
531	22	0	0	1126	6	5	0	0	Dash Attack		0	0	5	0	0	0	0	0	0	0	0	0	0	0	0	0	0	0	0	0	f	0	0	0	0	0	f	0	0	0	f	f		\N	\N
532	22	0	0	1131	8	5	0	0	Dodge		0	0	6	0	0	0	0	0	0	0	0	0	0	0	0	0	0	0	0	0	f	0	0	0	0	0	f	0	0	0	f	f		\N	\N
533	22	0	0	1114	3	3	0	0	Down Tilt		0	0	2	0	0	0	0	0	0	0	0	0	0	0	0	0	0	0	0	0	f	0	0	0	0	0	f	0	0	0	f	f		\N	\N
534	22	0	0	1127	7	2	0	0	Running Grab		0	0	5	0	0	0	0	0	0	0	0	0	0	0	0	0	0	0	0	0	f	0	0	0	0	0	f	0	0	0	f	f		\N	\N
535	22	0	0	1128	7	0	0	0	Standing Grab		0	0	5	0	0	0	0	0	0	0	0	0	0	0	0	0	0	0	0	0	f	0	0	0	0	0	f	0	0	0	f	f		\N	\N
536	22	0	0	1123	1	2	0	0	Forward Air		0	0	4	0	0	0	0	0	0	0	0	0	0	0	0	0	0	0	0	0	f	0	0	0	0	0	f	0	0	0	f	f		\N	\N
537	22	0	0	1119	2	2	0	0	Forward Smash		0	0	3	0	0	0	0	0	0	0	0	0	0	0	0	0	0	0	0	0	f	0	0	0	0	0	f	0	0	0	f	f		\N	\N
538	22	0	0	1116	3	2	0	0	Forward Tilt Low		0	0	2	0	0	0	0	0	0	0	0	0	0	0	0	0	0	0	0	0	f	0	0	0	0	0	f	0	0	0	f	f		\N	\N
539	22	0	0	1124	1	0	0	0	Neutral Air		0	0	4	0	0	0	0	0	0	0	0	0	0	0	0	0	0	0	0	0	f	0	0	0	0	0	f	0	0	0	f	f		\N	\N
540	22	0	0	1132	9	2	0	0	Forward Roll		0	0	6	0	0	0	0	0	0	0	0	0	0	0	0	0	0	0	0	0	f	0	0	0	0	0	f	0	0	0	f	f		\N	\N
541	22	0	0	1117	3	1	0	0	Up Tilt		0	0	2	0	0	0	0	0	0	0	0	0	0	0	0	0	0	0	0	0	f	0	0	0	0	0	f	0	0	0	f	f		\N	\N
542	22	0	0	1125	1	1	0	0	Up Air		0	0	4	0	0	0	0	0	0	0	0	0	0	0	0	0	0	0	0	0	f	0	0	0	0	0	f	0	0	0	f	f		\N	\N
543	23	0	0	1136	4	1	0	0	Up B		0	0	0	0	0	0	0	0	0	0	0	0	0	0	0	0	0	0	0	0	f	0	0	0	0	0	f	0	0	0	f	f		\N	\N
544	23	0	0	1137	5	5	1	0	Jab 1		0	0	1	0	0	0	0	0	0	0	0	0	0	0	0	0	0	0	0	0	f	0	0	0	0	0	f	0	0	0	f	f		\N	\N
545	23	0	0	1139	5	5	3	0	Jab 3		0	0	1	0	0	0	0	0	0	0	0	0	0	0	0	0	0	0	0	0	f	0	0	0	0	0	f	0	0	0	f	f		\N	\N
546	23	0	0	1138	5	5	2	0	Jab 2		0	0	1	0	0	0	0	0	0	0	0	0	0	0	0	0	0	0	0	0	f	0	0	0	0	0	f	0	0	0	f	f		\N	\N
547	23	0	0	1140	3	3	0	0	Down Tilt		0	0	2	0	0	0	0	0	0	0	0	0	0	0	0	0	0	0	0	0	f	0	0	0	0	0	f	0	0	0	f	f		\N	\N
548	23	0	0	1141	3	2	0	0	Forward Tilt		0	0	2	0	0	0	0	0	0	0	0	0	0	0	0	0	0	0	0	0	f	0	0	0	0	0	f	0	0	0	f	f		\N	\N
549	23	0	0	1147	1	0	0	0	Neutral Air		0	0	4	0	0	0	0	0	0	0	0	0	0	0	0	0	0	0	0	0	f	0	0	0	0	0	f	0	0	0	f	f		\N	\N
550	23	0	0	1146	1	2	0	0	Forward Air		0	0	4	0	0	0	0	0	0	0	0	0	0	0	0	0	0	0	0	0	f	0	0	0	0	0	f	0	0	0	f	f		\N	\N
551	23	0	0	1148	6	5	0	0	Dash Attack		0	0	5	0	0	0	0	0	0	0	0	0	0	0	0	0	0	0	0	0	f	0	0	0	0	0	f	0	0	0	f	f		\N	\N
552	23	0	0	1150	7	0	0	0	Standing Grab		0	0	5	0	0	0	0	0	0	0	0	0	0	0	0	0	0	0	0	0	f	0	0	0	0	0	f	0	0	0	f	f		\N	\N
553	23	0	0	1142	1	1	0	0	Up Air		0	0	2	0	0	0	0	0	0	0	0	0	0	0	0	0	0	0	0	0	f	0	0	0	0	0	f	0	0	0	f	f		\N	\N
554	23	0	0	1152	4	4	0	0	Backwards Roll		0	0	6	0	0	0	0	0	0	0	0	0	0	0	0	0	0	0	0	0	f	0	0	0	0	0	f	0	0	0	f	f		\N	\N
555	23	0	0	1149	7	2	0	0	Running Grab		0	0	5	0	0	0	0	0	0	0	0	0	0	0	0	0	0	0	0	0	f	0	0	0	0	0	f	0	0	0	f	f		\N	\N
556	23	0	0	1153	8	5	0	0	Dodge		0	0	6	0	0	0	0	0	0	0	0	0	0	0	0	0	0	0	0	0	f	0	0	0	0	0	f	0	0	0	f	f		\N	\N
557	23	0	0	1154	9	2	0	0	Forward Roll		0	0	6	0	0	0	0	0	0	0	0	0	0	0	0	0	0	0	0	0	f	0	0	0	0	0	f	0	0	0	f	f		\N	\N
558	23	0	0	1143	2	2	0	0	Forward Smash		0	0	3	0	0	0	0	0	0	0	0	0	0	0	0	0	0	0	0	0	f	0	0	0	0	0	f	0	0	0	f	f		\N	\N
559	23	0	0	1134	4	2	0	0	Forward B		0	0	0	0	0	0	0	0	0	0	0	0	0	0	0	0	0	0	0	0	f	0	0	0	0	0	f	0	0	0	f	f		\N	\N
560	23	0	0	1144	1	4	0	0	Back Air		0	0	4	0	0	0	0	0	0	0	0	0	0	0	0	0	0	0	0	0	f	0	0	0	0	0	f	0	0	0	f	f		\N	\N
561	23	0	0	1145	1	3	0	0	Down Air		0	0	4	0	0	0	0	0	0	0	0	0	0	0	0	0	0	0	0	0	f	0	0	0	0	0	f	0	0	0	f	f		\N	\N
562	23	0	0	1135	4	0	0	0	Neutral B (charged)		0	0	0	0	0	0	0	0	0	0	0	0	0	0	0	0	0	0	0	0	f	0	0	0	0	0	f	0	0	0	f	f		\N	\N
563	23	0	0	1151	1	5	0	0	Air Dodge		0	0	6	0	0	0	0	0	0	0	0	0	0	0	0	0	0	0	0	0	f	0	0	0	0	0	f	0	0	0	f	f		\N	\N
564	23	0	0	1133	4	3	0	0	Down B		0	0	0	0	0	0	0	0	0	0	0	0	0	0	0	0	0	0	0	0	f	0	0	0	0	0	f	0	0	0	f	f		\N	\N
565	23	0	0	1156	2	3	0	0	Down Smash		0	0	3	0	0	0	0	0	0	0	0	0	0	0	0	0	0	0	0	0	f	0	0	0	0	0	f	0	0	0	f	f		\N	\N
566	23	0	0	1155	4	0	0	0	Neutral B (air)		0	0	0	0	0	0	0	0	0	0	0	0	0	0	0	0	0	0	0	0	f	0	0	0	0	0	f	0	0	0	f	f		\N	\N
567	23	0	0	1158	1	1	0	0	Up Air		0	0	4	0	0	0	0	0	0	0	0	0	0	0	0	0	0	0	0	0	f	0	0	0	0	0	f	0	0	0	f	f		\N	\N
568	23	0	0	1157	2	1	0	0	Up Smash		0	0	3	0	0	0	0	0	0	0	0	0	0	0	0	0	0	0	0	0	f	0	0	0	0	0	f	0	0	0	f	f		\N	\N
569	24	0	0	1162	5	5	1	0	Jab 1		0	0	1	0	0	0	0	0	0	0	0	0	0	0	0	0	0	0	0	0	f	0	0	0	0	0	f	0	0	0	f	f		\N	\N
570	24	0	0	1166	3	1	0	0	Up Tilt		0	0	2	0	0	0	0	0	0	0	0	0	0	0	0	0	0	0	0	0	f	0	0	0	0	0	f	0	0	0	f	f		\N	\N
571	24	0	0	1165	3	2	0	0	Forward Tilt		0	0	2	0	0	0	0	0	0	0	0	0	0	0	0	0	0	0	0	0	f	0	0	0	0	0	f	0	0	0	f	f		\N	\N
572	24	0	0	1164	3	3	0	0	Down Tilt		0	0	2	0	0	0	0	0	0	0	0	0	0	0	0	0	0	0	0	0	f	0	0	0	0	0	f	0	0	0	f	f		\N	\N
573	24	0	0	1169	2	1	0	0	Up Smash		0	0	3	0	0	0	0	0	0	0	0	0	0	0	0	0	0	0	0	0	f	0	0	0	0	0	f	0	0	0	f	f		\N	\N
574	24	0	0	1179	4	4	0	0	Backwards Roll		0	0	6	0	0	0	0	0	0	0	0	0	0	0	0	0	0	0	0	0	f	0	0	0	0	0	f	0	0	0	f	f		\N	\N
575	24	0	0	1174	1	1	0	0	Up Air		0	0	4	0	0	0	0	0	0	0	0	0	0	0	0	0	0	0	0	0	f	0	0	0	0	0	f	0	0	0	f	f		\N	\N
576	24	0	0	1163	5	5	2	0	Jab 2		0	0	1	0	0	0	0	0	0	0	0	0	0	0	0	0	0	0	0	0	f	0	0	0	0	0	f	0	0	0	f	f		\N	\N
577	24	0	0	1175	6	5	0	0	Dash Attack		0	0	5	0	0	0	0	0	0	0	0	0	0	0	0	0	0	0	0	0	f	0	0	0	0	0	f	0	0	0	f	f		\N	\N
578	24	0	0	1168	2	2	0	0	Forward Smash		0	0	3	0	0	0	0	0	0	0	0	0	0	0	0	0	0	0	0	0	f	0	0	0	0	0	f	0	0	0	f	f		\N	\N
579	24	0	0	1167	2	3	0	0	Down Smash		0	0	3	0	0	0	0	0	0	0	0	0	0	0	0	0	0	0	0	0	f	0	0	0	0	0	f	0	0	0	f	f		\N	\N
580	24	0	0	1177	7	0	0	0	Standing Grab		0	0	5	0	0	0	0	0	0	0	0	0	0	0	0	0	0	0	0	0	f	0	0	0	0	0	f	0	0	0	f	f		\N	\N
581	24	0	0	1159	4	3	0	0	Down B		0	0	0	0	0	0	0	0	0	0	0	0	0	0	0	0	0	0	0	0	f	0	0	0	0	0	f	0	0	0	f	f		\N	\N
582	24	0	0	1178	1	5	0	0	Air Dodge		0	0	6	0	0	0	0	0	0	0	0	0	0	0	0	0	0	0	0	0	f	0	0	0	0	0	f	0	0	0	f	f		\N	\N
583	24	0	0	1171	1	3	0	0	Down Air		0	0	4	0	0	0	0	0	0	0	0	0	0	0	0	0	0	0	0	0	f	0	0	0	0	0	f	0	0	0	f	f		\N	\N
584	24	0	0	1170	1	4	0	0	Back Air		0	0	4	0	0	0	0	0	0	0	0	0	0	0	0	0	0	0	0	0	f	0	0	0	0	0	f	0	0	0	f	f		\N	\N
585	24	0	0	1176	7	2	0	0	Running Grab		0	0	5	0	0	0	0	0	0	0	0	0	0	0	0	0	0	0	0	0	f	0	0	0	0	0	f	0	0	0	f	f		\N	\N
586	24	0	0	1160	4	0	0	0	Neutral B		0	0	0	0	0	0	0	0	0	0	0	0	0	0	0	0	0	0	0	0	f	0	0	0	0	0	f	0	0	0	f	f		\N	\N
587	24	0	0	1161	4	1	0	0	Up B		0	0	0	0	0	0	0	0	0	0	0	0	0	0	0	0	0	0	0	0	f	0	0	0	0	0	f	0	0	0	f	f		\N	\N
588	24	0	0	1172	1	2	0	0	Forward Air		0	0	4	0	0	0	0	0	0	0	0	0	0	0	0	0	0	0	0	0	f	0	0	0	0	0	f	0	0	0	f	f		\N	\N
589	24	0	0	1180	8	5	0	0	Dodge		0	0	6	0	0	0	0	0	0	0	0	0	0	0	0	0	0	0	0	0	f	0	0	0	0	0	f	0	0	0	f	f		\N	\N
590	24	0	0	1173	1	0	0	0	Neutral Air		0	0	4	0	0	0	0	0	0	0	0	0	0	0	0	0	0	0	0	0	f	0	0	0	0	0	f	0	0	0	f	f		\N	\N
591	24	0	0	1181	9	2	0	0	Forward Roll		0	0	6	0	0	0	0	0	0	0	0	0	0	0	0	0	0	0	0	0	f	0	0	0	0	0	f	0	0	0	f	f		\N	\N
592	25	0	0	1833	4	1	0	0	Up B (Ground)		0	0	0	0	0	0	0	0	0	0	0	0	0	0	0	0	0	0	0	0	f	0	0	0	0	0	f	0	0	0	f	f		\N	\N
593	25	0	0	1184	5	5	2	0	Jab 2		0	0	1	0	0	0	0	0	0	0	0	0	0	0	0	0	0	0	0	0	f	0	0	0	0	0	f	0	0	0	f	f		\N	\N
594	25	0	0	1196	1	1	0	0	Up Air		0	0	4	0	0	0	0	0	0	0	0	0	0	0	0	0	0	0	0	0	f	0	0	0	0	0	f	0	0	0	f	f		\N	\N
595	25	0	0	1192	1	4	0	0	Back Air		0	0	4	0	0	0	0	0	0	0	0	0	0	0	0	0	0	0	0	0	f	0	0	0	0	0	f	0	0	0	f	f		\N	\N
596	25	0	0	1186	3	3	0	0	Down Tilt		0	0	2	0	0	0	0	0	0	0	0	0	0	0	0	0	0	0	0	0	f	0	0	0	0	0	f	0	0	0	f	f		\N	\N
597	25	0	0	1204	9	2	0	0	Forward Roll		0	0	6	0	0	0	0	0	0	0	0	0	0	0	0	0	0	0	0	0	f	0	0	0	0	0	f	0	0	0	f	f		\N	\N
598	25	0	0	1202	4	4	0	0	Backwards Roll		0	0	6	0	0	0	0	0	0	0	0	0	0	0	0	0	0	0	0	0	f	0	0	0	0	0	f	0	0	0	f	f		\N	\N
599	25	0	0	1201	1	5	0	0	Air Dodge		0	0	6	0	0	0	0	0	0	0	0	0	0	0	0	0	0	0	0	0	f	0	0	0	0	0	f	0	0	0	f	f		\N	\N
600	25	0	0	1197	1	5	0	0	Z Air		0	0	4	0	0	0	0	0	0	0	0	0	0	0	0	0	0	0	0	0	f	0	0	0	0	0	f	0	0	0	f	f		\N	\N
601	25	0	0	1194	1	2	0	0	Forward Air		0	0	4	0	0	0	0	0	0	0	0	0	0	0	0	0	0	0	0	0	f	0	0	0	0	0	f	0	0	0	f	f		\N	\N
602	25	0	0	1836	4	0	0	0	Neutral B		0	0	0	0	0	0	0	0	0	0	0	0	0	0	0	0	0	0	0	0	f	0	0	0	0	0	f	0	0	0	f	f		\N	\N
603	25	0	0	1835	1	1	0	0	Up B (Air)		0	0	0	0	0	0	0	0	0	0	0	0	0	0	0	0	0	0	0	0	f	0	0	0	0	0	f	0	0	0	f	f		\N	\N
604	25	0	0	1195	1	0	0	0	Neutral Air		0	0	4	0	0	0	0	0	0	0	0	0	0	0	0	0	0	0	0	0	f	0	0	0	0	0	f	0	0	0	f	f		\N	\N
605	25	0	0	1187	3	2	0	0	Forward Tilt		0	0	2	0	0	0	0	0	0	0	0	0	0	0	0	0	0	0	0	0	f	0	0	0	0	0	f	0	0	0	f	f		\N	\N
606	25	0	0	1183	5	5	1	0	Jab 1		0	0	1	0	0	0	0	0	0	0	0	0	0	0	0	0	0	0	0	0	f	0	0	0	0	0	f	0	0	0	f	f		\N	\N
607	25	0	0	1834	4	0	0	0	Neutral B (Charging)		0	0	0	0	0	0	0	0	0	0	0	0	0	0	0	0	0	0	0	0	f	0	0	0	0	0	f	0	0	0	f	f		\N	\N
608	25	0	0	1182	4	3	0	0	Down B		0	0	0	0	0	0	0	0	0	0	0	0	0	0	0	0	0	0	0	0	f	0	0	0	0	0	f	0	0	0	f	f		\N	\N
609	25	0	0	1838	4	2	0	0	Forward B (Start)		0	0	0	0	0	0	0	0	0	0	0	0	0	0	0	0	0	0	0	0	f	0	0	0	0	0	f	0	0	0	f	f		\N	\N
610	25	0	0	1837	4	2	0	0	Forward B (End)		0	0	0	0	0	0	0	0	0	0	0	0	0	0	0	0	0	0	0	0	f	0	0	0	0	0	f	0	0	0	f	f		\N	\N
611	25	0	0	1198	6	5	0	0	Dash Attack		0	0	5	0	0	0	0	0	0	0	0	0	0	0	0	0	0	0	0	0	f	0	0	0	0	0	f	0	0	0	f	f		\N	\N
612	25	0	0	1199	7	2	0	0	Running Grab		0	0	5	0	0	0	0	0	0	0	0	0	0	0	0	0	0	0	0	0	f	0	0	0	0	0	f	0	0	0	f	f		\N	\N
613	25	0	0	1193	1	3	0	0	Down Air		0	0	4	0	0	0	0	0	0	0	0	0	0	0	0	0	0	0	0	0	f	0	0	0	0	0	f	0	0	0	f	f		\N	\N
614	25	0	0	1189	2	3	0	0	Down Smash		0	0	3	0	0	0	0	0	0	0	0	0	0	0	0	0	0	0	0	0	f	0	0	0	0	0	f	0	0	0	f	f		\N	\N
615	25	0	0	1190	2	2	0	0	Forward Smash		0	0	3	0	0	0	0	0	0	0	0	0	0	0	0	0	0	0	0	0	f	0	0	0	0	0	f	0	0	0	f	f		\N	\N
616	25	0	0	1200	7	0	0	0	Standing Grab		0	0	5	0	0	0	0	0	0	0	0	0	0	0	0	0	0	0	0	0	f	0	0	0	0	0	f	0	0	0	f	f		\N	\N
617	25	0	0	1185	5	5	3	0	Jab 3		0	0	1	0	0	0	0	0	0	0	0	0	0	0	0	0	0	0	0	0	f	0	0	0	0	0	f	0	0	0	f	f		\N	\N
618	25	0	0	1203	8	5	0	0	Dodge		0	0	6	0	0	0	0	0	0	0	0	0	0	0	0	0	0	0	0	0	f	0	0	0	0	0	f	0	0	0	f	f		\N	\N
619	25	0	0	1191	2	1	0	0	Up Smash		0	0	3	0	0	0	0	0	0	0	0	0	0	0	0	0	0	0	0	0	f	0	0	0	0	0	f	0	0	0	f	f		\N	\N
620	25	0	0	1188	3	1	0	0	Up Tilt		0	0	2	0	0	0	0	0	0	0	0	0	0	0	0	0	0	0	0	0	f	0	0	0	0	0	f	0	0	0	f	f		\N	\N
621	26	0	0	1213	3	1	0	0	Up Tilt		0	0	3	0	0	0	0	0	0	0	0	0	0	0	0	0	0	0	0	0	f	0	0	0	0	0	f	0	0	0	f	f		\N	\N
622	26	0	0	1210	2	3	0	0	Down Smash		0	0	3	0	0	0	0	0	0	0	0	0	0	0	0	0	0	0	0	0	f	0	0	0	0	0	f	0	0	0	f	f		\N	\N
623	26	0	0	1206	4	2	0	0	Forward B		0	0	0	0	0	0	0	0	0	0	0	0	0	0	0	0	0	0	0	0	f	0	0	0	0	0	f	0	0	0	f	f		\N	\N
624	26	0	0	1224	4	4	0	0	Backwards Roll		0	0	6	0	0	0	0	0	0	0	0	0	0	0	0	0	0	0	0	0	f	0	0	0	0	0	f	0	0	0	f	f		\N	\N
625	26	0	0	1218	1	0	0	0	Neutral Air		0	0	4	0	0	0	0	0	0	0	0	0	0	0	0	0	0	0	0	0	f	0	0	0	0	0	f	0	0	0	f	f		\N	\N
626	26	0	0	1205	4	3	0	0	Down B		0	0	0	0	0	0	0	0	0	0	0	0	0	0	0	0	0	0	0	0	f	0	0	0	0	0	f	0	0	0	f	f		\N	\N
627	26	0	0	1223	1	5	0	0	Air Dodge		0	0	6	0	0	0	0	0	0	0	0	0	0	0	0	0	0	0	0	0	f	0	0	0	0	0	f	0	0	0	f	f		\N	\N
628	26	0	0	1226	9	2	0	0	Forward Roll		0	0	6	0	0	0	0	0	0	0	0	0	0	0	0	0	0	0	0	0	f	0	0	0	0	0	f	0	0	0	f	f		\N	\N
629	26	0	0	1222	7	0	0	0	Standing Grab		0	0	5	0	0	0	0	0	0	0	0	0	0	0	0	0	0	0	0	0	f	0	0	0	0	0	f	0	0	0	f	f		\N	\N
630	26	0	0	1214	1	4	0	0	Back Air		0	0	4	0	0	0	0	0	0	0	0	0	0	0	0	0	0	0	0	0	f	0	0	0	0	0	f	0	0	0	f	f		\N	\N
631	26	0	0	1217	1	2	0	0	Forward Air		0	0	4	0	0	0	0	0	0	0	0	0	0	0	0	0	0	0	0	0	f	0	0	0	0	0	f	0	0	0	f	f		\N	\N
632	26	0	0	1221	7	2	0	0	Running Grab		0	0	5	0	0	0	0	0	0	0	0	0	0	0	0	0	0	0	0	0	f	0	0	0	0	0	f	0	0	0	f	f		\N	\N
633	26	0	0	1215	1	3	0	0	Down Air		0	0	4	0	0	0	0	0	0	0	0	0	0	0	0	0	0	0	0	0	f	0	0	0	0	0	f	0	0	0	f	f		\N	\N
634	26	0	0	1207	4	0	0	0	Neutral B		0	0	0	0	0	0	0	0	0	0	0	0	0	0	0	0	0	0	0	0	f	0	0	0	0	0	f	0	0	0	f	f		\N	\N
635	26	0	0	1219	1	1	0	0	Up Air		0	0	4	0	0	0	0	0	0	0	0	0	0	0	0	0	0	0	0	0	f	0	0	0	0	0	f	0	0	0	f	f		\N	\N
636	26	0	0	1216	3	3	0	0	Down Tilt		0	0	4	0	0	0	0	0	0	0	0	0	0	0	0	0	0	0	0	0	f	0	0	0	0	0	f	0	0	0	f	f		\N	\N
637	26	0	0	1220	6	5	0	0	Dash Attack		0	0	5	0	0	0	0	0	0	0	0	0	0	0	0	0	0	0	0	0	f	0	0	0	0	0	f	0	0	0	f	f		\N	\N
638	26	0	0	1211	2	2	0	0	Forward Smash		0	0	3	0	0	0	0	0	0	0	0	0	0	0	0	0	0	0	0	0	f	0	0	0	0	0	f	0	0	0	f	f		\N	\N
639	26	0	0	1209	3	2	0	0	Forward Tilt		0	0	2	0	0	0	0	0	0	0	0	0	0	0	0	0	0	0	0	0	f	0	0	0	0	0	f	0	0	0	f	f		\N	\N
640	26	0	0	1225	8	5	0	0	Dodge		0	0	6	0	0	0	0	0	0	0	0	0	0	0	0	0	0	0	0	0	f	0	0	0	0	0	f	0	0	0	f	f		\N	\N
641	26	0	0	1227	5	5	1	0	Jab 1		0	0	6	0	0	0	0	0	0	0	0	0	0	0	0	0	0	0	0	0	f	0	0	0	0	0	f	0	0	0	f	f		\N	\N
642	26	0	0	1208	4	1	0	0	Up B		0	0	0	0	0	0	0	0	0	0	0	0	0	0	0	0	0	0	0	0	f	0	0	0	0	0	f	0	0	0	f	f		\N	\N
643	26	0	0	1212	2	1	0	0	Up Smash		0	0	3	0	0	0	0	0	0	0	0	0	0	0	0	0	0	0	0	0	f	0	0	0	0	0	f	0	0	0	f	f		\N	\N
644	0	0	0	0	0	0	0	0	description	inputs	0	0	0	0	0	0	0	0	0	0	0	0	0	0	0	0	0	0	0	0	f	0	0	0	0	0	f	0	0	0	f	f	misc	\N	\N
\.


--
-- Name: attacks_id_seq; Type: SEQUENCE SET; Schema: smashlounge; Owner: postgres
--

SELECT pg_catalog.setval('smashlounge.attacks_id_seq', 644, true);


--
-- Data for Name: charinfo; Type: TABLE DATA; Schema: smashlounge; Owner: postgres
--

COPY smashlounge.charinfo (id, name, tierdata, weight, fallspeed, walljump, guide, game) FROM stdin;
1	Bowser	24	1st	12th-14th	f	Bowser is the heaviest character in the game, making him very tanky and hard to kill at low percents. His body is enormous though, making him prone to extended combos that usually would not work on any other character. Bowser has trouble dealing with any character with more range than him, or characters that can out-maneuver him.\n	0
2	Captain Falcon	7	6th-7th	2nd	t	Falcon is the fastest character in the game in terms of run speed. His speed allows him to be many places at once, and though most of his moves are slow on startup, he makes up for it with his unmatched speed. Falcon's main combo finisher is the infamous knee (forward air) as it combos from many of his moves and kills at low percents.\n	0
3	Donkey Kong	17	2nd	4th-5th	f	Donkey Kong is a character that lacks reliable attacks with hit boxes in front of him. Instead his back air, which hits very far behind him, is his greatest asset in the spacing game. DK's best strategy is to abuse his grab combos, as he can set up for multi-hit juggles against the majority of the cast. Additionally he has a very good horizontal recovery, but not a good vertical.\n	0
4	Dr. Mario	9	8th-10th	16th-18th	f	Dr. Mario is a compact powerhouse, packed with quick aerials and a solid ground game. Overall his range and recovery are weak, but they are made up with his powerful kill moves and ability to get quick kills using his back air and forward b (the cape).	0
5	Falco	2	20th-21st	1st	t	Falco is an aggressive character whose primary strategy is to pressure the opponent. Falco's vertical mobility is possibly the best in the game. Additionally by using his 'short hop laser', he can control space horizontally, opening up his opponents for high pressure combos.	0
6	Fox	1	22nd	3rd	t	Fox is easily the most agile character in the game. His speed and combo setups are optimized when paired with SHFFLing and proper use of the shine (down B). Fox is ranked #1 for a good reason, having one of the strongest up-smashes, unmatched speed and close range fighting, as well as the infamous shine. \n	0
7	Ganondorf	12	4th	10th	f	Ganondorf is a bulky and heavy powerhouse. Ganon often gets dominated because of his slow moves and giant body-- but his moves pack a punch. Ganondorf's attacks kill most characters at low percents and is one of the hardest punishing mid-tiers in the game. Although he spends much of his time simply working for his openings, when he gets them they count.\n	0
8	Ice Climbers	8	15th	19th-21st	f	The Ice Climbers is a character in which the player controls Popo (blue IC depending on costume color), while Nana follows and mimics Popo's inputs with a slight delay. The main strategy with Ice Climbers is abusing their grab combos, as they can kill off of most grabs. Strategies change constantly with IC's based on if your Nana is present or not. \n	0
9	Jigglypuff	5	24th-25th	26th	f	Being the 2nd lightest character in the game, Jigglypuff is prone to dying at low percents. Although this is a disadvantage, her elusiveness in the air paired with some of the best aerial attacks in the game makes her a powerful character. Jigglypuff has 5 jumps and is able to float back on to the stage with ease, making recovery very simple. \n	0
10	Kirby	26	23rd	19th-21st	f	A shell of its former self in Smash 64, Kirby has almost no good qualities as a character. Besides the fact that Kirby has 5 jumps, his ground and aerial mobility are terrible.\n	0
11	Link	16	6th-7th	7th-9th	f	Link is a slower but more powerful version of Young Link. He does not have the speed, maneuverability, or projectile game that Young Link offers, but he makes up for it with his strong sword. Additionally, Link has one of the farthest reaching grapple recoveries, making him a unique character to edge-guard.\n	0
12	Luigi	13	8th-10th	19th-21st	f	Luigi has the longest wavedash range in the game because of his low traction. Luigi's slow run and aerial speeds are made up for with his obscenely long wavedash. Luigi has one of the most unique recoveries in the game, as his up b only sends him vertically, and his forward b sends him horizontally. When using the two in combination, he has a very adequate recovery. \n	0
13	Mario	14	8th-10th	16th-18th	t	Mario is one of the most basic characters in the game. His strengths are similar to Dr. Mario's in that he has a powerful ground game and is able to set up for edge-guard situations with most of his attacks. Mario's recovery and range are also weak, but he makes up for it with his powerful ground game.\n	0
14	Marth	4	16th	6th	f	Marth has the most range of anyone in the game. Being one of the few characters that wields a sword, his hitboxes extend very far out, making his defense game great. Marth is a unique character in that his attacks have different hitboxes based on where you hit with the sword (hilt = weak hit, middle = regular hit, tip = strong hit). \n	0
15	Mewtwo	21	17th-19th	22nd-23rd	f	Mewtwo is a poorly designed character, having almost no kill moves and no neutral game. Mewtwo only has a few redeeming qualities, such as his amazing recovery and powerful grabs. It is very hard to combo with/against Mewtwo because of his lack of speed and floatiness.\n	0
16	Mr. Game And Watch	22	24th-25th	16th-18th	f	Although GaW is the last character to unlock, he lacks many of the core qualities that make a character good. A few of GaW's aerials are non-L-cancellable, making him a pretty slow character. GaW's ground game is generally bad, and has trouble killing when the opponent is not in combo percentage.	0
17	Ness	23	11th	15th	f	Ness is a character that has a few good pokes, but no reliable kill moves. Ness is a very limiting character on-stage and off-stage, as his ground game has short range and his combos often lack a finisher. As well as his bad on-stage, his recovery takes the longest to start up out of any character, and he is vulnerable for all of it. \n	0
18	Peach	6	12th-14th	22nd-23rd	f	Peach is one of the most unique floaty characters in the game because of her float mechanics. By using a technique called 'float cancelling' Peach is able to suspend herself in mid air and move horizontally, using any aerial attack. Landing lag after float cancelling is reduced, making her have one of the fastest recovery times on attacks\n	0
19	Pichu	25	26th	12th-14th	t	Obviously Nintendo's joke character in the cast. All electric attacks used by Pichu deal 1-3% to himself. Pichu is also the lightest character in the game, making him prone to dying at extremely low percents, sometimes even earlier than Jigglypuff. \n	0
20	Pikachu	10	20th-21st	12th-14th	f	Pikachu is pretty much the mid-tier Fox. They share many qualities such as quick combo game, ability to run around on the stage, powerful up smash, and linear recovery. Also like Fox, Pikachu is capable of getting kills at high percent with up smash, as well as low percent kills with up-air. Pikachu is a character that thrives in using quick and weak moves to rack up percent or set up for edge guard situations. \n	0
21	Roy	20	17th-19th	4th-5th	f	Roy is the weak version of Marth. Like Marth, his sword contains different hitboxes depending on where your opponent is hit (hilt = strong hit, middle = regular hit, tip = weak hit). Roy is EXTREMELY hard to hit during his up-b animation, but because of his fast falling speed and bad aerial mobility, his recovery is generally very bad.\n	0
22	Samus	11	3rd	24th-25th	t	Samus is a very linear character, as many of her hitboxes only extend out in straight lines. Although Samus is one of the slowest characters in the game, her defense and control of the pace in the match allow her to be a viable defensive character. Samus can control wide ranges of space by using missile cancelling-- and can control close range with her up-b and tilts.\n	0
23	Sheik	3	12th-14th	7th-9th	t	Sheik is one of the deadliest characters in the game. Although she does not have a ton of offensive options, she makes up for it with her defense and simple, yet highly effective combo game. Sheik's main assets are her tilts, grab combos, and infamous forward-air\n	0
24	Yoshi	18	5th	11th	f	 The most unique quality of Yoshi is his shield, which holds many properties that are unique to Yoshi-- such as its hitstun reduction, inability to jump out of shield, and parrying. Additionally, Yoshi does not have an up-b that helps his recovery. Instead this is balanced by his double jump reaching very high, as well as containing 'super armor', which means that attacks will damage Yoshi, but the hitstun and knockback are lessened VERY greatly depending on percentage.	0
25	Young Link	15	17th-19th	7th-9th	t	Young Link is a fast character with three different projectiles. Typically his playstyle is very hit-and-run as his run and aerial speeds are both very fast. Young Link generally has weak attacks, but the fact that he can maintain such a high speed while throwing projectiles at your opponent makes him an interesting defensive character.\n	0
26	Zelda	19	12th-14th	24th-25th	f	Zelda is a very floaty character who generally does not have many reliable attacks, besides her back-air and forward-air. Both aerials require precision, as only the tip of the hitbox sends opponents flying far. Zelda has the farthest reaching up-b in the game easily, making it relatively difficult to edge guard her.\n	0
\.


--
-- Name: charinfo_id_seq; Type: SEQUENCE SET; Schema: smashlounge; Owner: postgres
--

SELECT pg_catalog.setval('smashlounge.charinfo_id_seq', 26, true);


--
-- Data for Name: chartech; Type: TABLE DATA; Schema: smashlounge; Owner: postgres
--

COPY smashlounge.chartech (id, charid, techid) FROM stdin;
1	2	1
4	6	2
5	4	1
6	4	21
7	5	22
8	6	22
10	14	1
11	18	24
12	6	25
13	5	25
15	2	26
17	5	27
18	6	27
19	14	11
20	14	23
21	14	7
22	23	13
23	23	10
25	23	26
\.


--
-- Name: chartech_id_seq; Type: SEQUENCE SET; Schema: smashlounge; Owner: postgres
--

SELECT pg_catalog.setval('smashlounge.chartech_id_seq', 25, true);


--
-- Data for Name: framedatajson; Type: TABLE DATA; Schema: smashlounge; Owner: postgres
--

COPY smashlounge.framedatajson (id, gifid, json_text) FROM stdin;
1	512	[{"frame":11,"buttons":[""],"ctrlStick":["270","100"]},{"frame":12,"buttons":[""],"ctrlStick":["270","100"]},{"frame":13,"buttons":[""],"ctrlStick":["270","100"]},{"frame":14,"buttons":[""],"ctrlStick":["270","100"]},{"frame":15,"buttons":["y"],"ctrlStick":[]},{"frame":16,"buttons":["l"],"ctrlStick":[]},{"frame":17,"buttons":[""],"ctrlStick":["315","100"]},{"frame":18,"buttons":[""],"ctrlStick":["315","100"]},{"frame":19,"buttons":[""],"ctrlStick":["315","100"]},{"frame":20,"buttons":[""],"ctrlStick":["315","100"]},{"frame":21,"buttons":[""],"ctrlStick":["315","100"]}]
2	513	[{"frame":2,"buttons":[""],"ctrlStick":["270","100"]},{"frame":4,"buttons":["y"],"ctrlStick":[]},{"frame":5,"buttons":["l"],"ctrlStick":["225","100"]},{"frame":6,"buttons":[""],"ctrlStick":["225","100"]},{"frame":7,"buttons":[""],"ctrlStick":["225","100"]},{"frame":8,"buttons":[""],"ctrlStick":["225","100"]},{"frame":22,"buttons":[""],"ctrlStick":["270","100"]},{"frame":23,"buttons":["y"],"ctrlStick":[]},{"frame":24,"buttons":["l"],"ctrlStick":[]},{"frame":25,"buttons":[""],"ctrlStick":["225","100"]},{"frame":25,"buttons":[""],"ctrlStick":["225","100"]},{"frame":26,"buttons":[""],"ctrlStick":[]},{"frame":44,"buttons":[""],"ctrlStick":["270","100"]},{"frame":45,"buttons":["y"],"ctrlStick":[]},{"frame":46,"buttons":["l"],"ctrlStick":["315","100"]},{"frame":47,"buttons":[""],"ctrlStick":["315","100"]},{"frame":48,"buttons":[""],"ctrlStick":["315","100"]},{"frame":49,"buttons":[""],"ctrlStick":["315","100"]},{"frame":64,"buttons":[""],"ctrlStick":["270","100"]},{"frame":65,"buttons":["y"],"ctrlStick":[]},{"frame":66,"buttons":["l"],"ctrlStick":["315","100"]},{"frame":67,"buttons":[""],"ctrlStick":["315","100"]},{"frame":68,"buttons":[""],"ctrlStick":["315","100"]},{"frame":69,"buttons":[""],"ctrlStick":["315","100"]}]
\.


--
-- Name: framedatajson_id_seq; Type: SEQUENCE SET; Schema: smashlounge; Owner: postgres
--

SELECT pg_catalog.setval('smashlounge.framedatajson_id_seq', 2, true);


--
-- Data for Name: framedatamoves; Type: TABLE DATA; Schema: smashlounge; Owner: postgres
--

COPY smashlounge.framedatamoves (id, name, description) FROM stdin;
1	Up Air	
2	Down Air	
3	Forward Air	
4	Back Air	
5	Neutral Air	
6	Neutral B in Air	
7	Jab 1	
8	Jab 2	
9	Jab 3	
10	Jab Extended	
11	Up B	Up Special
12	Neutral B	Special
13	Neutral B (charged)	Special
14	Neutral B (air)	Special
15	Down B	Down Special
16	Side B	Side Special
17	Forward B	
18	Forward B 1	
19	Forward B 2	
20	Forward B 3 Down	
21	Forward B 3 Neutral	
22	Forward B 3 Up	
23	Forward B 4	
24	Forward B 4 Down	
25	Forward B 4 Neutral	
26	Forward B 4 Up	
27	Up Tilt	
28	Down Tilt	
29	Forward Tilt	
30	Forward Tilt Low	
31	Forward Tilt High	
32	Up Smash	
33	Down Smash	
34	Forward Smash	
35	Air Dodge	
36	Forward Roll	
37	Backwards Roll	
38	Dodge	
39	Dash Attack	
40	Running Grab	
41	Standing Grab	
42	Forward Smash High	
43	Forward Smash Low	
44	Forward B (air)	
45	Z Air	
46	Taunt	
47	Get Up Attack	
48	Forward Throw	
49	Backwards Throw	
50	Throw	
\.


--
-- Name: framedatamoves_id_seq; Type: SEQUENCE SET; Schema: smashlounge; Owner: postgres
--

SELECT pg_catalog.setval('smashlounge.framedatamoves_id_seq', 50, true);


--
-- Data for Name: friends; Type: TABLE DATA; Schema: smashlounge; Owner: postgres
--

COPY smashlounge.friends (id, myid, friendid) FROM stdin;
\.


--
-- Name: friends_id_seq; Type: SEQUENCE SET; Schema: smashlounge; Owner: postgres
--

SELECT pg_catalog.setval('smashlounge.friends_id_seq', 1, true);


--
-- Data for Name: gifs; Type: TABLE DATA; Schema: smashlounge; Owner: postgres
--

COPY smashlounge.gifs (id, typeid, dataid, source, submittedby, url, description, score, created_at, updated_at) FROM stdin;
1	0	24		0	MarvelousMedicalFlee	aMSa going hard	0	\N	\N
2	0	4		0	ValidEdibleIndochinesetiger	MMG | Shroomed demonstrating the importance of wavelanding with Dr. Mario	0	\N	\N
3	0	2		0	HarmlessShamefulHalicore	Lord vs S2J with an amazing finisher at TNE. LONG LIVE THE HYPE.	0	\N	\N
4	0	14		0	BlankWickedAmmonite	Mew2King demonstrating the importance of juggling and keeping your opponent above you	0	\N	\N
5	0	6		0	EuphoricCookedHornshark	Westballz demonstrating technical edge guarding with Fox	0	\N	\N
6	0	18		0	FamiliarEthicalHomalocephale	The Armada double-Stitchface shield break combo\n	0	\N	\N
7	0	5		0	SnappyBlissfulChickadee	Short hop lasers are a crucial part of Falco's movement.	0	\N	\N
8	0	5		0	RingedIdolizedAidi	A typical Falco combo, where shines are followed by down-airs. Notice how Zhu uses a laser reset to initiate the combo	0	\N	\N
9	0	6		0	NewCaringFurseal	Hax demonstrating ridiculously fast multishines to pressure an enemy in shield	0	\N	\N
10	0	6		0	EarlyOptimalCondor	Leffen demonstrating how to pressure your opponent as Fox	0	\N	\N
11	0	14		0	OrganicAnimatedBream	Azen demonstrating a clean Marth combo	0	\N	\N
12	0	20		0	ClumsyCompetentAidi	Axe demonstrating a clean Pikachu combo by patiently waiting for Tai to stand up	0	\N	\N
13	0	23		0	SeriousOptimalCougar	One of Shiek's most powerful combos is down throw -> forward air	0	\N	\N
14	0	12		0	GrippingVariableGnu	Luigi's great movement allow you to quickly surprise your opponent with unexpected plays	0	\N	\N
15	0	9		0	UncommonIckyBangeltiger	Jigglypuff can be very offensive offstage, since 5 jumps allow for many recovery options	0	\N	\N
16	0	22		0	ColorfulDistinctAustralianshelduck	Darrel showing how to combo with Samus	0	\N	\N
17	0	24		0	UnpleasantRepulsiveAlbacoretuna	aMSa taking Westballz stock in 11 seconds with a disgusting combo	0	\N	\N
18	0	18		0	BelatedParallelAnnashummingbird	Armada demonstrating how to use a turnip to reduce PPMD's recovery options	0	\N	\N
19	0	5		0	AlarmingConcreteHagfish	Bam demonstrating how to keep constant pressure on your opponent	0	\N	\N
20	0	2		0	RemorsefulYellowLangur	Hax demonstrating an efficient 0 to death	0	\N	\N
21	0	26	Jahan Sandhu	0	DeterminedBogusFerret	Cosmo demonstrates Zelda's power	0	\N	\N
22	0	20	https://www.	0	WindyAnotherAmericanpainthorse	If you cling the second dash of Pikachu's Quick Attack (Up-B) with a move of equal priority, Pikachu performs a "Super W	0	\N	\N
23	0	16	Jahan Sandhu	0	JovialDemandingBluebottle	M2K shows off G&W's difficult to DI throws and followup	0	\N	\N
24	0	11	Jahan Sandhu	0	ArtisticAdorableAlaskanhusky	Link's recovery is pretty good 	0	\N	\N
25	0	17	David Alligo	0	SlimyMedicalBoto	Mofo using the yoyo glitch on Hax	0	\N	\N
26	0	8	Smashwiki	0	ChillyAptJaeger	Wobbles demonstrating the infinite grab technique known as "Wobbling" 	0	\N	\N
27	0	6	Mayday	0	SomberCarelessAppaloosa	Mango demonstrating the use of a Shine Grab	0	\N	\N
28	0	23	mkolpnji	0	AgreeableFlawedBlackmamba	Mew2King tech chasing a Fox with grabs and down throw + dash attack.	0	\N	\N
29	0	25		0	FondPlayfulCarp	How to edgeguard as Young Link	0	\N	\N
30	0	20	Kings of Cal	0	SpanishPastelCock	Axe using the multiple hitboxes of Pikachu's Uair to gimp Westballz	0	\N	\N
31	0	2	Nicholas M. 	0	unluckyhardgnu	NMW showing the effectiveness of instant uair 	0	\N	\N
32	0	7		0	TalkativeJovialGalah	Great example of how to use Ganon's Dair by Bizzarroflame	0	\N	\N
33	0	4		0	FamiliarAdvancedAcaciarat	MMG | Shroomed demonstrates Dr. Mario's gimping abilities with back air and cape	0	\N	\N
34	0	19	Dazwa	0	SaltyEnergeticBadger	KoreanDJ showing how Pichu can secure quick kills near ledges	0	\N	\N
35	0	17	Shuffle V (H	0	FoolishSlushyFawn	Ness's double jump cancel allows him to perform extremely low aerials 	0	\N	\N
36	0	13	Mayday	0	LeanDifferentDorado	Mango's (Scorpion Master) 0% to death combo with Mario	0	\N	\N
37	0	3	Beanwolf, MO	0	CluelessWastefulIaerismetalmark	Green Ranger shows us how brutal DK's combo game can be. 	0	\N	\N
38	0	22	Mayday	0	WelcomeAgileBluetickcoonhound	Power Missile Edge Guarding with Samus 	0	\N	\N
39	0	25		0	MealyHatefulArmadillo	Axe tethers to the pillar underneath Pokemon Stadium and successfully recovers 	0	\N	\N
40	0	21	CEO 2014	0	ConcreteFamiliarGlowworm	An interesting combo by Mew2King	0	\N	\N
41	0	23		0	TightBarrenGnu	Mew2King demonstrating an insane Sheik combo on EG | PPMD at EVO2k14	0	\N	\N
42	0	12		0	SameOffbeatBushbaby	With Luigi's wavedash distances and his powerful Up B he can get very hard punishes upon reading techrolls 	0	\N	\N
512	2	1	http://www.reddit.com/r/smashbros/comments/1mlr3n/best_wavedashluigi_vs_worst_wavedashpeach/	0	SkinnyCorruptHake	The longest wavedash (Luigi) and the shortest (Peach).	0	\N	\N
513	2	1		0	ForkedGloomyHairstreakbutterfly	Continuous Wavedashes with Marth.	0	\N	\N
514	2	7		0	EcstaticHorribleDragon	A pivot contains a few frames of dashing, followed by a single frame where your character is standing up straight. On this frame, you can use any move as if your character is standing still.	0	\N	\N
515	2	2		0	SeveralCompassionateBlackwidowspider	A series of frame-perfect multi shines at 1/4 speed.	0	\N	\N
516	2	16		0	SpottedWhiteBordercollie	Hit (L or R) and (Up) within 20 frames of hitting the wall while in hitstun	0	\N	\N
517	2	5		0	SeveralUnlinedEsok	Comparing the heights from a full jump and a short hop.	0	\N	\N
518	2	4	http://www.reddit.com/r/smashbros/comments/1mzq7e/the_importance_of_lcancelling/	0	FirmImmediateCivet	Two Links performing a down aerial. The red Link L-cancels, and can input his shield in half the time of the green Link.	0	\N	\N
519	2	13	Kadano	0	DimIckyAztecant	Falco's firestall, 1x speed, latest possible inputs	0	\N	\N
520	2	11	http://www.reddit.com/r/smashbros/comments/1nuxc2/dash_dance/	0	FrightenedBruisedAstrangiacoral	Fox performing a frame-perfect dash-dance in Melee.	0	\N	\N
521	2	13	Kadano	0	TatteredTediousDormouse	Sheik demonstrating a Shino-Stall. The blue represents invulnerability	0	\N	\N
523	2	12		0	SilverDimwittedDouglasfirbarkbeetle	A meteor cancel used in a recovery off-stage.	0	\N	\N
524	2	8		0	LeanWhimsicalBubblefish	A wall jump can be used to mix up your opponent, and change up engages.	0	\N	\N
525	2	6		0	SoulfulPreciousIslandcanary	A demonstration of a ledge hop.	0	\N	\N
526	2	10		0	UnfitAnotherFlea	An example of what happens when you don't crouch cancel.	0	\N	\N
527	2	10		0	EnlightenedIncompleteAnteater	An example of what happens when crouch canceling is used.	0	\N	\N
528	2	7		0	DelayedSmoggyGrison	An example of a pivot Foward Smash	0	\N	\N
529	2	17		0	SleepyGoodBoutu	A non jump canceled grab (dash-grab)	0	\N	\N
530	2	17		0	TheseFondIndiancow	A jump canceled grab (stand-grab)	0	\N	\N
531	2	19		0	UnsteadySoggyFrigatebird	A neutral tech allows you to quickly stand up where you land	0	\N	\N
532	2	19		0	PaltryParallelAmericancrow	A right tech will make your character roll right before landing	0	\N	\N
533	2	19		0	PortlyAdvancedDamselfly	A left tech will make your character roll left before landing	0	\N	\N
534	2	18		0	SnarlingHideousGreatwhiteshark	Canceling run with a jump canceled up smash	0	\N	\N
535	2	16		0	FatherlyAnimatedAmericanwarmblood	Hit (L or R) to wall tech within 20 frames of hitting the wall while in hitstun	0	\N	\N
536	2	11		0	AngryDearBassethound	Dash dancing can be used to properly space your character as well as playing mind games with your opponent	0	\N	\N
537	2	20	http://www.reddit.com/r/smashbros/comments/1pgo1x/the_importance_of_di/	0	DeadCoarseFlamingo	Demonstrating the different direction choices for DI	0	\N	\N
538	2	21	kv016	0	EnormousFewGnat	Wave Lands demonstrated on BattleField platforms	0	\N	\N
539	2	22	kv016	0	SnappyBlissfulChickadee	The added mobility of short hop lasering	0	\N	\N
540	2	23		0	HelplessUnfortunateFlickertailsquirrel	PewPewU powershielding a Falco laser to get a laser reset	0	\N	\N
541	2	24		0	IdenticalThirstyDog	The Peach on the right uses L canceling, while the Peach on the left uses Float Canceling. Notice how the amount of landing lag is the same!	0	\N	\N
542	2	25		0	WideBlushingDiamondbackrattlesnake	MewTwo performing a Jab Reset in order to push Fox into a neutral position to continue a combo	0	\N	\N
543	2	26		0	DeepColorfulAfricanwilddog	S2J demonstrating tech chasing by predicting where his opponent is going to tech and adjusting accordingly	0	\N	\N
544	2	27		0	LegalInnocentEastrussiancoursinghounds	A frame perfect Fox Wave Shine	0	\N	\N
606	3	3		0	GenerousThriftyArieltoucan		0	\N	\N
607	3	3		0	InsistentSilverArawana		0	\N	\N
608	3	74		0	HelpfulDependentAmbushbug		0	\N	\N
609	3	151		0	TenderNeighboringCentipede		0	\N	\N
610	3	155		0	SeriousConsciousHeron		0	\N	\N
611	3	82		0	ActiveKeenHornedviper		0	\N	\N
612	3	160		0	ReadyAshamedBluewhale		0	\N	\N
613	3	160		0	RipeUniformClumber		0	\N	\N
614	3	167		0	TidyScaryAzurevase		0	\N	\N
615	3	167		0	SmugOilyAmericanquarterhorse		0	\N	\N
616	3	167		0	FittingBouncyAfricanpiedkingfisher		0	\N	\N
620	3	172		0	WearyGranularCockatoo		0	\N	\N
621	3	172		0	DiligentBronzeFalcon		0	\N	\N
622	3	172		0	ApprehensiveIncompatibleBluet		0	\N	\N
623	3	185		0	SpotlessDefiniteDoe		0	\N	\N
624	3	185		0	RealisticRespectfulBear		0	\N	\N
625	3	185		0	DefensiveConfusedBlackmamba		0	\N	\N
629	3	188		0	GrossUnhealthyEyra		0	\N	\N
638	1	5	Seikend	0	ValidHatefulIraniangroundjay	Forward B	0	\N	\N
639	1	6	Seikend	0	WelldocumentedShoddyBufeo	Jab 1	0	\N	\N
640	1	7	Seikend	0	HardThreadbareHarpseal	Jab 2	0	\N	\N
641	1	12	Seikend	0	HairyGiganticFrigatebird	D Tilt	0	\N	\N
642	1	10	Seikend	0	ElasticMedicalAmazonparrot	F Tilt	0	\N	\N
643	1	9	Seikend	0	JitteryHeavenlyAmericanriverotter	High F Tilt	0	\N	\N
644	1	8	Seikend	0	WildCheapAntarcticgiantpetrel	Low F Tilt	0	\N	\N
645	1	11	Seikend	0	HardCrazyIndianjackal	U Tilt	0	\N	\N
646	1	15	Seikend	0	WarlikeBowedHerald	D Smash	0	\N	\N
647	1	14	Seikend	0	EverlastingGenerousAustrianpinscher	F Smash	0	\N	\N
648	1	13	Seikend	0	VagueDamagedHomalocephale	U Smash	0	\N	\N
649	1	19	Seikend	0	UnderstatedTenseHare	B Air	0	\N	\N
650	1	18	Seikend	0	DistantShadyCopperhead	D Air	0	\N	\N
651	1	20	Seikend	0	OddTiredIvorybackedwoodswallow	F Air	0	\N	\N
652	1	17	Seikend	0	LinearNervousApatosaur	N Air	0	\N	\N
653	1	16	Seikend	0	YearlyHonorableArchaeocete	U Air	0	\N	\N
654	1	21	Seikend	0	OilyWelloffAmericancrow	Dash Attack	0	\N	\N
655	1	22	Seikend	0	CluelessNastyBeardeddragon	Running Grab	0	\N	\N
656	1	23	Seikend	0	IlliterateMadDassierat	Standing Grab	0	\N	\N
657	1	25	Seikend	0	FarflungDeliriousChipmunk	Air Dodge	0	\N	\N
658	1	24	Seikend	0	KindheartedUnderstatedAtlasmoth	Spot Dodge	0	\N	\N
659	1	26	Seikend	0	DamagedFlippantHanumanmonkey	Roll Forward	0	\N	\N
660	1	37	Stratocaster	0	SlimyNervousEyelashpitviper	Neutral B	0	\N	\N
661	1	28	Stratocaster	0	FastPalatableChanticleer	Jab 2	0	\N	\N
662	1	27	Stratocaster	0	WarlikeImperfectAsiaticgreaterfreshwaterclam	Jab 3	0	\N	\N
663	1	29	Stratocaster	0	ThinSparklingAmazontreeboa	High F Tilt	0	\N	\N
664	1	30	Stratocaster	0	MediumPoliticalHarrier	Low F Tilt	0	\N	\N
665	1	31	Stratocaster	0	EmbellishedLightheartedDormouse	U Tilt	0	\N	\N
666	1	34	Stratocaster	0	PleasedImpracticalAlbertosaurus	U Smash	0	\N	\N
667	1	36	Stratocaster	0	AmusedReasonableCaimanlizard	B Air	0	\N	\N
668	1	32	Stratocaster	0	SingleOddHare	F Air	0	\N	\N
669	1	35	Stratocaster	0	SardonicFlakyAustraliansilkyterrier	U Air	0	\N	\N
670	1	33	Stratocaster	0	WeightyLastingDarwinsfox	Air Dodge	0	\N	\N
671	1	50	Strong Bad	0	ElegantUncomfortableAuklet	Down B	0	\N	\N
672	1	52	Strong Bad	0	OfficialForsakenJackrabbit	Forward B	0	\N	\N
673	1	38	Strong Bad	0	AnguishedInfatuatedBrontosaurus	Neutral B (charge)	0	\N	\N
674	1	41	Strong Bad	0	ShorttermAppropriateBlackrussianterrier	Jab 1	0	\N	\N
675	1	42	Strong Bad	0	BaggyNearDragonfly	Jab 2	0	\N	\N
676	1	62	Strong Bad	0	AmusedSlushyAchillestang	D Tilt	0	\N	\N
677	1	43	Strong Bad	0	ClumsyTatteredBee	F Tilt	0	\N	\N
678	1	59	Strong Bad	0	NecessaryEnviousCockatoo	High F Tilt	0	\N	\N
679	1	65	Strong Bad	0	EveryImpracticalBackswimmer	Low F Tilt	0	\N	\N
680	1	57	Strong Bad	0	GranularNiceCottontail	U Tilt	0	\N	\N
681	1	64	Strong Bad	0	SingleEdibleChicken	D Smash	0	\N	\N
682	1	60	Strong Bad	0	AdorableReliableBlacklemur	F Smash	0	\N	\N
683	1	44	Strong Bad	0	SpotlessRewardingJapanesebeetle	U Smash	0	\N	\N
684	1	49	Strong Bad	0	MetallicNewHarrierhawk	Air Dodge	0	\N	\N
685	1	45	Strong Bad	0	AptBetterDalmatian	B Air	0	\N	\N
686	1	47	Strong Bad	0	DimwittedCautiousEgg	D Air	0	\N	\N
687	1	63	Strong Bad	0	UnimportantVengefulDunlin	F Air	0	\N	\N
688	1	54	Strong Bad	0	ClosedAdventurousAlbacoretuna	N Air	0	\N	\N
689	1	46	Strong Bad	0	DearestBowedArawana	U Air	0	\N	\N
690	1	55	Strong Bad	0	ObedientScratchyGelding	Dash Attack	0	\N	\N
691	1	48	Strong Bad	0	UnfitTepidBudgie	Running Grab	0	\N	\N
692	1	56	Strong Bad	0	EqualClosedHaddock	Standing Grab	0	\N	\N
693	1	58	Strong Bad	0	MilkyDisguisedIbis	Roll Backward	0	\N	\N
694	1	51	Strong Bad	0	BabyishShallowFallowdeer	Spot Dodge	0	\N	\N
695	1	53	Strong Bad	0	GrotesqueMiniatureFulmar	Roll Forward	0	\N	\N
696	1	86	standardtoaster	0	WebbedWarlikeHarborporpoise	Down B	0	\N	\N
697	1	88	standardtoaster	0	TidyGracefulAnole	Forward B	0	\N	\N
698	1	87	standardtoaster	0	JoyfulPlayfulAtlanticsharpnosepuffer	Up B	0	\N	\N
699	1	67	standardtoaster	0	ClassicRealAfricanclawedfrog	Jab 1	0	\N	\N
700	1	68	standardtoaster	0	BetterLiquidAfricanaugurbuzzard	Jab 2	0	\N	\N
701	1	69	standardtoaster	0	RigidExcellentAdamsstaghornedbeetle	Jab 3	0	\N	\N
702	1	73	standardtoaster	0	ComplexFrequentArcticseal	D Tilt	0	\N	\N
703	1	70	standardtoaster	0	CreativeAshamedHoiho	F Tilt	0	\N	\N
704	1	72	standardtoaster	0	ThirdBiodegradableIvorybackedwoodswallow	High F Tilt	0	\N	\N
705	1	71	standardtoaster	0	RepentantCriminalGardensnake	Low F Tilt	0	\N	\N
706	1	78	standardtoaster	0	FragrantNastyBluegill	D Smash	0	\N	\N
707	1	79	standardtoaster	0	UntidyAjarJuliabutterfly	High F Smash	0	\N	\N
708	1	77	standardtoaster	0	WarpedShrillCottonmouth	F Smash Down	0	\N	\N
709	1	80	standardtoaster	0	FarawayGenerousIndigowingedparrot	U Smash	0	\N	\N
710	1	89	standardtoaster	0	RaggedWarmBedbug	Air Dodge	0	\N	\N
711	1	82	standardtoaster	0	ZestyBrightAfricanhornbill	B Air	0	\N	\N
712	1	83	standardtoaster	0	KindheartedDisfiguredGenet	D Air	0	\N	\N
713	1	74	standardtoaster	0	LightImpureHoneycreeper	F Air	0	\N	\N
714	1	81	standardtoaster	0	DistantSociableAmericankestrel	N Air	0	\N	\N
715	1	75	standardtoaster	0	WelllitWellmadeCowbird	U Air	0	\N	\N
716	1	76	standardtoaster	0	LightDishonestCat	Dash attack	0	\N	\N
717	1	85	standardtoaster	0	GoodnaturedDarkFerret	Running grab	0	\N	\N
718	1	84	standardtoaster	0	ScornfulRevolvingArabianwildcat	Standing Grab	0	\N	\N
719	1	91	standardtoaster	0	ZestySolidCaudata	Spot Dodge	0	\N	\N
720	1	90	standardtoaster	0	InfantileShyHorsechestnutleafminer	Forward Roll	0	\N	\N
721	1	112	Seikend	0	CostlyGratefulHydatidtapeworm	Down B	0	\N	\N
722	1	92	Seikend	0	NaturalEsteemedIndianhare	Neutral B	0	\N	\N
723	1	115	Seikend	0	FlamboyantMiniatureFlea	Up B	0	\N	\N
724	1	93	Seikend	0	WastefulEducatedKilldeer	Jab 1	0	\N	\N
725	1	94	Seikend	0	DeliriousSleepyDamselfly	Jab 2	0	\N	\N
726	1	95	Seikend	0	RealSeveralCommabutterfly	Jab 3	0	\N	\N
727	1	105	Seikend	0	RawBossyIrrawaddydolphin	D Tilt	0	\N	\N
728	1	96	Seikend	0	UnluckyPhysicalAruanas	F Tilt	0	\N	\N
729	1	97	Seikend	0	CompetentGenuineKitty	High F Tilt	0	\N	\N
730	1	102	Seikend	0	LeanBeneficialAssassinbug	Low F Tilt	0	\N	\N
731	1	98	Seikend	0	FabulousGracefulInexpectatumpleco	U Tilt	0	\N	\N
732	1	109	Seikend	0	SparseOptimisticAstarte	D Smash	0	\N	\N
733	1	106	Seikend	0	ForsakenPreciousBlacknorwegianelkhound	F Smash	0	\N	\N
734	1	110	Seikend	0	GlamorousDismalBadger	U Smash	0	\N	\N
735	1	114	Seikend	0	OptimisticSplendidEyelashpitviper	Air Dodge	0	\N	\N
736	1	103	Seikend	0	GiantContentIceblueredtopzebra	B Air	0	\N	\N
737	1	100	Seikend	0	OrderlyNecessaryHorsemouse	D Air	0	\N	\N
738	1	108	Seikend	0	WarlikeCostlyHippopotamus	F Air	0	\N	\N
739	1	113	Seikend	0	TangibleSelfreliantBellsnake	Forward B in air	0	\N	\N
740	1	104	Seikend	0	OldShyBobcat	N Air	0	\N	\N
741	1	107	Seikend	0	EvergreenWearyAuklet	Neutral B in air	0	\N	\N
742	1	99	Seikend	0	SardonicUnevenIndigowingedparrot	U Air	0	\N	\N
743	1	101	Seikend	0	MasculineJollyGlobefish	Dash Attack	0	\N	\N
744	1	111	Seikend	0	PoisedWhisperedDoe	Running Grab	0	\N	\N
745	1	116	Seikend	0	BrownAgileInexpectatumpleco	Roll Backward	0	\N	\N
746	1	118	Seikend	0	FemaleSafeGallinule	Spot Dodge	0	\N	\N
747	1	117	Seikend	0	LegalMajorHogget	Roll Forward	0	\N	\N
748	1	122	Stratocaster	0	DampSeparateDamselfly	Down B	0	\N	\N
749	1	121	Stratocaster	0	HalfFlamboyantElver	Forward B in air	0	\N	\N
750	1	119	Stratocaster	0	EasygoingGraciousHorse	Neutral B on ground	0	\N	\N
751	1	120	Stratocaster	0	EntireMajorAtlasmoth	Neutral B in air	0	\N	\N
752	1	123	Stratocaster	0	JaggedCreepyHuia	Up B	0	\N	\N
753	1	124	Stratocaster	0	YearlyEdibleHarpseal	Jab	0	\N	\N
754	1	125	Stratocaster	0	FirmForsakenAngwantibo	Jab 2	0	\N	\N
755	1	126	Stratocaster	0	SpotlessSameArmadillo	Jab 3	0	\N	\N
756	1	130	Stratocaster	0	AllTeemingBarnowl	D Tilt	0	\N	\N
757	1	129	Stratocaster	0	ZigzagSlipperyKoodoo	F Tilt	0	\N	\N
758	1	127	Stratocaster	0	SkinnyGrimyDeviltasmanian	High F Tilt	0	\N	\N
759	1	128	Stratocaster	0	PaltryCoarseFowl	Low F Tilt	0	\N	\N
760	1	131	Stratocaster	0	MenacingEquatorialHydra	U Tilt	0	\N	\N
761	1	134	Stratocaster	0	FlatAdorableHorsechestnutleafminer	D Smash	0	\N	\N
762	1	132	Stratocaster	0	BackDistortedAoudad	F Smash	0	\N	\N
763	1	133	Stratocaster	0	PleasantAdventurousKissingbug	U Smash	0	\N	\N
764	1	139	Stratocaster	0	ZealousLiquidDuck	B Air	0	\N	\N
765	1	137	Stratocaster	0	UnequaledHappygoluckyAsianporcupine	D Air	0	\N	\N
766	1	138	Stratocaster	0	KaleidoscopicShabbyDalmatian	F Air	0	\N	\N
767	1	135	Stratocaster	0	AggressiveUnluckyDinosaur	N Air	0	\N	\N
768	1	136	Stratocaster	0	QualifiedCostlyIaerismetalmark	U Air	0	\N	\N
769	1	140	Stratocaster	0	LoathsomeBeneficialAmericanbittern	Roll Backward	0	\N	\N
770	1	141	Stratocaster	0	RemorsefulGreatGallowaycow	Dash Attack	0	\N	\N
771	1	142	Stratocaster	0	DeepBlondAngelfish	Running Grab	0	\N	\N
772	1	143	Stratocaster	0	VibrantSevereKarakul	Standing Grab	0	\N	\N
773	1	144	Stratocaster	0	FamiliarBoilingDarklingbeetle	Air Dodge	0	\N	\N
774	1	145	Stratocaster	0	GrayHarmfulGallowaycow	Spot Dodge	0	\N	\N
775	1	146	Stratocaster	0	PrestigiousNextGuineapig	Roll Forward	0	\N	\N
776	1	162	standardtoaster	0	OptimisticEarlyHornshark	Forward B in air	0	\N	\N
777	1	147	standardtoaster	0	EnviousBogusDodo	Neutral B	0	\N	\N
778	1	165	standardtoaster	0	CriminalInexperiencedIndochinahogdeer	Up B	0	\N	\N
779	1	148	standardtoaster	0	AthleticCapitalChuckwalla	Jab	0	\N	\N
780	1	153	standardtoaster	0	AgitatedCrazyCub	D Tilt	0	\N	\N
781	1	150	standardtoaster	0	HiddenBigGangesdolphin	F Tilt	0	\N	\N
782	1	149	standardtoaster	0	DapperDeliriousCleanerwrasse	High F Tilt	0	\N	\N
783	1	151	standardtoaster	0	DisguisedPointedHamster	Low F Tilt	0	\N	\N
784	1	152	standardtoaster	0	VastWarlikeAdmiralbutterfly	U Tilt	0	\N	\N
785	1	155	standardtoaster	0	TintedWelcomeBlueshark	D Smash	0	\N	\N
786	1	160	standardtoaster	0	PhysicalDarkAplomadofalcon	U Smash	0	\N	\N
787	1	156	standardtoaster	0	LazyIllAsianlion	B Air	0	\N	\N
788	1	157	standardtoaster	0	DismalDrearyBobwhite	D Air	0	\N	\N
789	1	163	standardtoaster	0	IllinformedTanEsok	N Air	0	\N	\N
790	1	168	Stratocaster	0	EsteemedFatIndusriverdolphin	B Air	0	\N	\N
791	1	167	Stratocaster	0	WellmadeDifferentFluke	Down B	0	\N	\N
792	1	170	Stratocaster	0	HatefulHomelyDolphin	Forward B	0	\N	\N
793	1	169	Stratocaster	0	VerifiableShrillAustralianshelduck	Neutral B	0	\N	\N
794	1	171	Stratocaster	0	TautLoneGrayfox	Up B	0	\N	\N
795	1	172	Stratocaster	0	PoshLameHogget	Jab 1	0	\N	\N
796	1	173	Stratocaster	0	KindFailingCockatiel	Jab 2	0	\N	\N
797	1	174	Stratocaster	0	CalculatingSlightBallpython	D Tilt	0	\N	\N
798	1	177	Stratocaster	0	LightheartedAbsoluteAnemone	High F Tilt	0	\N	\N
799	1	176	Stratocaster	0	WholeShockingDolphin	Low F Tilt	0	\N	\N
800	1	175	Stratocaster	0	ChiefPlainBrontosaurus	U Tilt	0	\N	\N
801	1	179	Stratocaster	0	EagerUnsteadyGoral	D Smash	0	\N	\N
802	1	178	Stratocaster	0	SpeedyTenseGodwit	F Smash	0	\N	\N
803	1	180	Stratocaster	0	BadBossyBass	U Smash	0	\N	\N
804	1	183	Stratocaster	0	DisloyalDistortedEasternglasslizard	D Air	0	\N	\N
805	1	182	Stratocaster	0	TallShortGalapagoshawk	F Air	0	\N	\N
806	1	181	Stratocaster	0	AridQuestionableCaecilian	N Air	0	\N	\N
807	1	184	Stratocaster	0	FalseMemorableGrackle	U Air	0	\N	\N
808	1	186	Stratocaster	0	YellowFavoriteBlacknorwegianelkhound	Dash Attack	0	\N	\N
809	1	185	Stratocaster	0	FrankHeartyGrunion	Running Grab	0	\N	\N
810	1	191	Stratocaster	0	UncommonImpressionableAmericancrayfish	Standing Grab	0	\N	\N
811	1	190	Stratocaster	0	IdioticIdolizedErin	Air Dodge	0	\N	\N
812	1	187	Stratocaster	0	BlandVastIndianabat	Roll Backward	0	\N	\N
813	1	189	Stratocaster	0	DesertedAcidicFattaileddunnart	Spot Dodge	0	\N	\N
814	1	188	Stratocaster	0	WatchfulAntiqueIchneumonfly	Roll Forward	0	\N	\N
815	1	192	Massive	0	WideeyedAgonizingGemsbuck	Down B	0	\N	\N
816	1	210	Massive	0	ZanyOffensiveCowrie	Forward B	0	\N	\N
817	1	205	Massive	0	BothSparseBandicoot	Neutral B	0	\N	\N
818	1	211	Massive	0	HastyUnequaledGemsbuck	Up B	0	\N	\N
819	1	193	Massive	0	FineUnknownAffenpinscher	Jab 1	0	\N	\N
820	1	194	Massive	0	SandyMeekEuropeanfiresalamander	Jab 2	0	\N	\N
821	1	198	Massive	0	SelfreliantFakeCero	D Tilt	0	\N	\N
822	1	195	Massive	0	ImpossibleDarkAntelope	F Tilt	0	\N	\N
823	1	196	Massive	0	GenuineWaterloggedIridescentshark	High F Tilt	0	\N	\N
824	1	197	Massive	0	RewardingDisguisedAztecant	Low F Tilt	0	\N	\N
825	1	199	Massive	0	PaleWarmArmyant	U Tilt	0	\N	\N
826	1	203	Massive	0	ImmaterialFirstKakarikis	F Smash	0	\N	\N
827	1	207	Massive	0	ParallelWarmheartedIchthyostega	D Air	0	\N	\N
828	1	208	Massive	0	PoliteLongCooter	F Air	0	\N	\N
829	1	204	Massive	0	SaltySlimyBustard	U Air	0	\N	\N
830	1	212	Massive	0	PositiveHoarseDaddylonglegs	Dash Attack	0	\N	\N
831	1	209	Massive	0	FeistyTheseAtlanticridleyturtle	Running Grab	0	\N	\N
832	1	213	Massive	0	PoliticalShortHorseshoecrab	Standing Grab	0	\N	\N
833	1	201	Massive	0	WhiteFailingAmericansaddlebred	Air Dodge	0	\N	\N
834	1	214	Massive	0	SinfulTenderBushbaby	Roll Back	0	\N	\N
835	1	202	Massive	0	SinfulUltimateFanworms	Roll Forward	0	\N	\N
836	1	235	Shoopman	0	DecimalExaltedIndianringneckparakeet	Down B	0	\N	\N
837	1	215	Shoopman	0	FalseWigglyElephant	Forward B in air	0	\N	\N
838	1	234	Shoopman	0	FirmActualAfricanhornbill	Neutral B	0	\N	\N
839	1	223	Shoopman	0	NeglectedBriefAiredaleterrier	Up B	0	\N	\N
840	1	216	Shoopman	0	QuarrelsomeOffbeatDormouse	Jab 1	0	\N	\N
841	1	217	Shoopman	0	DenseLightheartedHypacrosaurus	Jab 2	0	\N	\N
842	1	218	Shoopman	0	FreshKaleidoscopicAnole	Jab 3	0	\N	\N
843	1	219	Shoopman	0	MajesticFavoriteCooter	D Tilt	0	\N	\N
844	1	221	Shoopman	0	YawningWelldocumentedFirefly	High F Tilt	0	\N	\N
845	1	225	Shoopman	0	BetterAmbitiousCornsnake	Low F Tilt	0	\N	\N
846	1	226	Shoopman	0	DearGiantChanticleer	U Tilt	0	\N	\N
847	1	228	Shoopman	0	AridLimpingCassowary	D Smash	0	\N	\N
848	1	224	Shoopman	0	InferiorPettyBeauceron	F Smash	0	\N	\N
849	1	227	Shoopman	0	KeyForcefulLark	U Smash	0	\N	\N
850	1	230	Shoopman	0	RepulsiveConcernedDaddylonglegs	B Air	0	\N	\N
851	1	232	Shoopman	0	TerrificEllipticalIrishredandwhitesetter	D Air	0	\N	\N
852	1	233	Shoopman	0	RegularBlissfulArmadillo	F Air	0	\N	\N
853	1	231	Shoopman	0	SnappyGreatFairybluebird	N Air	0	\N	\N
854	1	236	Shoopman	0	AcrobaticCharmingAxolotl	U Air	0	\N	\N
855	1	229	Shoopman	0	ElectricGrandioseGoldeneye	Dash Attack	0	\N	\N
856	1	222	Shoopman	0	HollowUnrealisticBuzzard	Running Grab	0	\N	\N
857	1	220	Shoopman	0	GoodScholarlyCooter	Standing Grab	0	\N	\N
858	1	252	standardtoaster	0	EnlightenedAridDunnart	Neutral B	0	\N	\N
859	1	237	standardtoaster	0	SparseForcefulDromedary	U Smash	0	\N	\N
860	1	238	standardtoaster	0	NeglectedWiltedAzurevasesponge	Jab 1	0	\N	\N
861	1	255	standardtoaster	0	FortunateAnguishedHoki	Jab 2	0	\N	\N
862	1	240	standardtoaster	0	CavernousTornFlamingo	D Tilt	0	\N	\N
863	1	239	standardtoaster	0	ChubbyMassiveBug	F Tilt	0	\N	\N
864	1	258	standardtoaster	0	SpicyFirsthandFallowdeer	U Tilt	0	\N	\N
865	1	257	standardtoaster	0	EveryUnawareIvorybilledwoodpecker	D Smash	0	\N	\N
866	1	241	standardtoaster	0	UnselfishBeautifulHuman	F Smash 2	0	\N	\N
867	1	243	standardtoaster	0	FineCrispCoot	B Air	0	\N	\N
868	1	245	standardtoaster	0	AptWarlikeCockerspaniel	D Air	0	\N	\N
869	1	246	standardtoaster	0	OrneryBleakBongo	F Air	0	\N	\N
870	1	242	standardtoaster	0	NaturalColossalAntipodesgreenparakeet	N Air	0	\N	\N
871	1	244	standardtoaster	0	AmplePeskyBluebottlejellyfish	U Air	0	\N	\N
872	1	247	standardtoaster	0	UncommonWhirlwindChimpanzee	Z Air	0	\N	\N
873	1	248	standardtoaster	0	TangibleAccurateCur	Dash Attack	0	\N	\N
874	1	250	standardtoaster	0	UglyBlankGuppy	Running Grab	0	\N	\N
875	1	253	standardtoaster	0	JoyfulGloriousFlea	Standing Grab	0	\N	\N
876	1	271	standardtoaster	0	DazzlingVigorousGilamonster	Forward B (misfire)	0	\N	\N
877	1	268	standardtoaster	0	AdorableInfiniteEstuarinecrocodile	Neutral B	0	\N	\N
878	1	269	standardtoaster	0	CleanSecondhandGibbon	Up B	0	\N	\N
879	1	260	standardtoaster	0	EnragedBasicJaguarundi	Jab 1	0	\N	\N
880	1	261	standardtoaster	0	IllustriousReliableAmbushbug	Jab 2	0	\N	\N
881	1	262	standardtoaster	0	HatefulTestyHog	Jab 3	0	\N	\N
882	1	267	standardtoaster	0	MeatyElatedHalcyon	D Tilt	0	\N	\N
883	1	264	standardtoaster	0	EvergreenFragrantCorydorascatfish	F Tilt	0	\N	\N
884	1	263	standardtoaster	0	AmbitiousPitifulCockerspaniel	High F Tilt	0	\N	\N
885	1	265	standardtoaster	0	AnotherDesertedJabiru	Low F Tilt	0	\N	\N
886	1	273	standardtoaster	0	BruisedFlakyCaimanlizard	U Tilt	0	\N	\N
887	1	278	standardtoaster	0	OptimalHardtofindIguanodon	D Smash	0	\N	\N
888	1	274	standardtoaster	0	InfamousBlindInvisiblerail	High F Smash	0	\N	\N
889	1	276	standardtoaster	0	WeirdShockingChimneyswift	Low F Smash	0	\N	\N
890	1	275	standardtoaster	0	DenseBriefBarnacle	U Smash	0	\N	\N
891	1	282	standardtoaster	0	BruisedSerpentineBudgie	B Air	0	\N	\N
892	1	281	standardtoaster	0	GlitteringEmbellishedArieltoucan	D Air	0	\N	\N
893	1	279	standardtoaster	0	WideDiscreteAcornbarnacle	F Air	0	\N	\N
894	1	266	standardtoaster	0	SerpentineSecondHochstettersfrog	N Air	0	\N	\N
895	1	277	standardtoaster	0	DefensiveGroundedBarb	U Air	0	\N	\N
896	1	272	standardtoaster	0	ShinyEarlyHammerkop	Taunt	0	\N	\N
897	1	280	standardtoaster	0	ImpartialUnfoldedBarb	Face Up Get-Up Attack	0	\N	\N
898	1	285	standardtoaster	0	ShowySpectacularAngora	Running grab	0	\N	\N
899	1	284	standardtoaster	0	DearCoarseIndianringneckparakeet	Standing Grab	0	\N	\N
900	1	300	Stratocaster	0	AdolescentPleasingBlueandgoldmackaw	Down B	0	\N	\N
901	1	286	Stratocaster	0	UnconsciousElectricBlacklemur	Forward B	0	\N	\N
902	1	302	Stratocaster	0	HilariousJubilantDeermouse	Up B	0	\N	\N
903	1	287	Stratocaster	0	MistyHilariousArrowana	Jab 1	0	\N	\N
904	1	288	Stratocaster	0	MenacingClumsyCockerspaniel	Jab 2	0	\N	\N
905	1	289	Stratocaster	0	SecretEssentialHanumanmonkey	Jab 3	0	\N	\N
906	1	293	Stratocaster	0	DependentInsecureBug	D Tilt	0	\N	\N
907	1	291	Stratocaster	0	PeriodicTanChafer	F Tilt	0	\N	\N
908	1	290	Stratocaster	0	UnconsciousTediousHagfish	High F Tilt	0	\N	\N
909	1	292	Stratocaster	0	FaithfulMeatyCrustacean	Low F Tilt	0	\N	\N
910	1	294	Stratocaster	0	RepentantPerfumedBobwhite	U Tilt	0	\N	\N
911	1	305	Stratocaster	0	ThirstyCreepyCoral	D Smash	0	\N	\N
912	1	295	Stratocaster	0	ShallowNecessaryChinesecrocodilelizard	High F Smash	0	\N	\N
913	1	303	Stratocaster	0	DefiniteSizzlingHind	Low F Smash	0	\N	\N
914	1	296	Stratocaster	0	BoringGoldenGrosbeak	U Smash	0	\N	\N
915	1	298	Stratocaster	0	ForcefulTidyAlligator	B Air	0	\N	\N
916	1	299	Stratocaster	0	HarmlessPolishedJay	F Air	0	\N	\N
917	1	306	Stratocaster	0	CreativeNastyDodobird	N Air	0	\N	\N
918	1	307	Stratocaster	0	ForsakenDisloyalFantail	U Air	0	\N	\N
919	1	297	Stratocaster	0	NextDimAmberpenshell	Dash Attack	0	\N	\N
920	1	304	Stratocaster	0	WigglyClosedAustraliancattledog	Running Grab	0	\N	\N
921	1	301	Stratocaster	0	LankyGraciousBufflehead	Standing Grab	0	\N	\N
922	1	308	Stratocaster	0	BarrenShrillFalcon	Down B	0	\N	\N
923	1	338	Stratocaster	0	WelcomeBlindAsp	Forward B 1	0	\N	\N
924	1	309	Stratocaster	0	ImportantTintedApatosaur	Forward B 3 (Down)	0	\N	\N
925	1	326	Stratocaster	0	PessimisticIllinformedBlackcrappie	Forward B 3 (neutral)	0	\N	\N
926	1	327	Stratocaster	0	JubilantDentalAmericancrocodile	Forward B 3 (up)	0	\N	\N
927	1	329	Stratocaster	0	MindlessLikableJumpingbean	Forward B 4 (down)	0	\N	\N
928	1	328	Stratocaster	0	WindyIdleDikdik	Forward B 4 (neutral)	0	\N	\N
929	1	332	Stratocaster	0	AlarmedHappyDobermanpinscher	Forward B 4 (up)	0	\N	\N
930	1	310	Stratocaster	0	HeartyFlamboyantGuillemot	Neutral B	0	\N	\N
931	1	334	Stratocaster	0	PaltryOrnateDouglasfirbarkbeetle	Up B	0	\N	\N
932	1	311	Stratocaster	0	ValuableBlackChuckwalla	Jab 1	0	\N	\N
933	1	312	Stratocaster	0	DamagedBlondFirecrest	Jab 2	0	\N	\N
934	1	314	Stratocaster	0	LikablePlayfulEft	D Tilt	0	\N	\N
935	1	313	Stratocaster	0	BowedAmbitiousGuineapig	F Tilt	0	\N	\N
936	1	315	Stratocaster	0	CapitalIncompatibleAlaskankleekai	U Tilt	0	\N	\N
937	1	318	Stratocaster	0	FearfulCorruptHoki	D Smash	0	\N	\N
938	1	316	Stratocaster	0	WelcomeTatteredBarasingha	F Smash	0	\N	\N
939	1	317	Stratocaster	0	TepidAjarBaiji	U Smash	0	\N	\N
940	1	322	Stratocaster	0	GoodHandyJaguarundi	B Air	0	\N	\N
941	1	325	Stratocaster	0	DearestEthicalIndianrhinoceros	D Air	0	\N	\N
942	1	320	Stratocaster	0	FreshThinAntbear	F Air	0	\N	\N
943	1	319	Stratocaster	0	SpitefulLivelyIntermediateegret	N Air	0	\N	\N
944	1	324	Stratocaster	0	PertinentWildAsiansmallclawedotter	U Air	0	\N	\N
945	1	321	Stratocaster	0	GrizzledChillyFlyinglemur	Dash Attack	0	\N	\N
946	1	323	Stratocaster	0	SeparatePassionateJunco	Running Grab	0	\N	\N
947	1	337	Stratocaster	0	BabyishMellowIndianabat	Standing Grab	0	\N	\N
948	1	335	Stratocaster	0	NippyIlliterateAchillestang	Air Dodge	0	\N	\N
949	1	330	Stratocaster	0	TotalQuickInchworm	Roll Backward	0	\N	\N
950	1	336	Stratocaster	0	ImmediateCharmingChipmunk	Spot Dodge	0	\N	\N
951	1	331	Stratocaster	0	WellmadeSnappyAfricanharrierhawk	Roll Forward	0	\N	\N
952	1	354	standardtoaster	0	FavoriteHarmoniousAngelfish	Down B	0	\N	\N
953	1	361	standardtoaster	0	OilyDismalCuscus	Forward B	0	\N	\N
954	1	340	standardtoaster	0	FaithfulDisfiguredFanworms	Jab 1	0	\N	\N
955	1	341	standardtoaster	0	PopularAliveGypsymoth	Jab 2	0	\N	\N
956	1	343	standardtoaster	0	GranularTeemingAnteater	D Tilt	0	\N	\N
957	1	342	standardtoaster	0	BlondLightheartedFugu	F Tilt	0	\N	\N
958	1	352	standardtoaster	0	FreeColdCanine	High F Tilt	0	\N	\N
959	1	357	standardtoaster	0	ImmenseFaithfulEyra	Low F Tilt	0	\N	\N
960	1	356	standardtoaster	0	DampDistinctIcterinewarbler	U Tilt	0	\N	\N
961	1	344	standardtoaster	0	DifficultWindingIrishterrier	D Smash	0	\N	\N
962	1	346	standardtoaster	0	ShadowyFavorableDogwoodtwigborer	F Smash	0	\N	\N
963	1	345	standardtoaster	0	NeatOrganicBichonfrise	U Smash	0	\N	\N
964	1	347	standardtoaster	0	SatisfiedDismalGallinule	B Air	0	\N	\N
965	1	359	standardtoaster	0	PerfectBestAmericanratsnake	D Air	0	\N	\N
966	1	349	standardtoaster	0	ImpartialCooperativeBudgie	F Air	0	\N	\N
967	1	348	standardtoaster	0	GlossySilkyFattaileddunnart	N Air	0	\N	\N
968	1	358	standardtoaster	0	OblongOldfashionedAsiantrumpetfish	U Air	0	\N	\N
969	1	351	standardtoaster	0	FirstUltimateEthiopianwolf	Back Throw	0	\N	\N
970	1	350	standardtoaster	0	GoodBlushingFrigatebird	Dash Attack	0	\N	\N
971	1	365	standardtoaster	0	PortlyGoodBug	Forward Throw	0	\N	\N
972	1	360	standardtoaster	0	TidyUncommonArmyant	Running Grab	0	\N	\N
973	1	355	standardtoaster	0	JaggedSinfulDiplodocus	Standing Grab	0	\N	\N
974	1	353	standardtoaster	0	RelievedColdHamadryas	Air Dodge	0	\N	\N
975	1	363	standardtoaster	0	HorribleLankyFantail	Roll Backward	0	\N	\N
976	1	364	standardtoaster	0	RedConstantAssassinbug	Spot Dodge	0	\N	\N
977	1	362	standardtoaster	0	RecentOnlyHornet	Roll Forward	0	\N	\N
978	1	368	standardtoaster	0	CraftySmoothClingfish	Up B	0	\N	\N
979	1	383	standardtoaster	0	TanWarpedAntipodesgreenparakeet	Down Tilt	0	\N	\N
980	1	382	standardtoaster	0	EarlyGleamingGardensnake	F Tilt	0	\N	\N
981	1	374	standardtoaster	0	ScratchyScalyArmyworm	U Tilt	0	\N	\N
982	1	380	standardtoaster	0	AgitatedNeatBluemorphobutterfly	D Smash	0	\N	\N
983	1	376	standardtoaster	0	CraftyGregariousBird	F Smash	0	\N	\N
984	1	375	standardtoaster	0	GrippingWindingHatchetfish	U Smash	0	\N	\N
985	1	371	standardtoaster	0	FrankFairAmurstarfish	Down Air	0	\N	\N
986	1	370	standardtoaster	0	JaggedAliveJavalina	F Air	0	\N	\N
987	1	369	standardtoaster	0	AngelicFlashyAfricanparadiseflycatcher	N Air	0	\N	\N
988	1	377	standardtoaster	0	HonestValuableGlassfrog	U Air	0	\N	\N
989	1	378	standardtoaster	0	FrighteningWideeyedAmethystsunbird	Dash Attack	0	\N	\N
990	1	372	standardtoaster	0	KeyOptimisticGrassspider	Running Grab	0	\N	\N
991	1	384	standardtoaster	0	ReadyGrouchyGiraffe	Grab	0	\N	\N
992	1	397	standardtoaster	0	SpecificFittingHousefly	Down B	0	\N	\N
993	1	400	standardtoaster	0	GreenOblongErne	Neutral B	0	\N	\N
994	1	387	standardtoaster	0	SharpCarelessAfricanpiedkingfisher	Jab 1	0	\N	\N
995	1	389	standardtoaster	0	AssuredAmazingAlpinegoat	Jab 2	0	\N	\N
996	1	388	standardtoaster	0	MeaslySecretEyra	Jab 3	0	\N	\N
997	1	409	standardtoaster	0	FrequentUnawareElkhound	Down Tilt	0	\N	\N
998	1	390	standardtoaster	0	PortlySlightAmericanavocet	High F Tilt	0	\N	\N
999	1	391	standardtoaster	0	RawAggressiveCuscus	Low F Tilt	0	\N	\N
1000	1	392	standardtoaster	0	VigorousVioletCub	U Tilt	0	\N	\N
1001	1	408	standardtoaster	0	SpotlessQuarrelsomeHatchetfish	Down Smash	0	\N	\N
1002	1	393	standardtoaster	0	SlimySaneGartersnake	F Smash	0	\N	\N
1003	1	405	standardtoaster	0	DearHeavyBluefintuna	B Air	0	\N	\N
1004	1	406	standardtoaster	0	FickleQueasyCockroach	D Air	0	\N	\N
1005	1	404	standardtoaster	0	TatteredBareArmyant	F Air	0	\N	\N
1006	1	407	standardtoaster	0	HighlevelSparklingBrahmancow	N Air	0	\N	\N
1007	1	403	standardtoaster	0	GentleFirsthandGnat	U Air	0	\N	\N
1008	1	401	standardtoaster	0	UntriedSaltyGallinule	Dash Attack	0	\N	\N
1009	1	396	standardtoaster	0	DentalPettyChickadee	Running Grab	0	\N	\N
1010	1	402	standardtoaster	0	CornyAcademicHermitcrab	Standing Grab	0	\N	\N
1011	1	434	Emma Watson's Boyfriend	0	YearlyPaltryGalapagosalbatross	Down B	0	\N	\N
1012	1	424	Emma Watson's Boyfriend	0	SociableOptimalAvians	Forward B on ground	0	\N	\N
1013	1	425	Emma Watson's Boyfriend	0	CarelessPastelAmericanblackvulture	Forward B in air	0	\N	\N
1014	1	426	Emma Watson's Boyfriend	0	TemptingTanAmphiuma	Up B	0	\N	\N
1015	1	433	Emma Watson's Boyfriend	0	FamousTornAddax	Jab 1	0	\N	\N
1016	1	430	Emma Watson's Boyfriend	0	SlushyDefiniteAsiansmallclawedotter	Jab 2	0	\N	\N
1017	1	423	Emma Watson's Boyfriend	0	WholePowerlessCranefly	D Tilt	0	\N	\N
1018	1	410	Emma Watson's Boyfriend	0	BoldUntriedBlackwidowspider	F Tilt	0	\N	\N
1019	1	411	Emma Watson's Boyfriend	0	MilkyCautiousElectriceel	U Tilt	0	\N	\N
1020	1	412	Emma Watson's Boyfriend	0	FarawayMammothCockerspaniel	D smash	0	\N	\N
1021	1	416	Emma Watson's Boyfriend	0	VictoriousHideousFlyingfish	U smash	0	\N	\N
1022	1	418	Emma Watson's Boyfriend	0	GrizzledCooperativeGemsbok	B Air	0	\N	\N
1023	1	417	Emma Watson's Boyfriend	0	InformalBrightBantamrooster	D Air	0	\N	\N
1024	1	419	Emma Watson's Boyfriend	0	DishonestGranularAlpinegoat	F Air	0	\N	\N
1025	1	432	Emma Watson's Boyfriend	0	SpectacularIcyAlbertosaurus	N Air	0	\N	\N
1026	1	431	Emma Watson's Boyfriend	0	KeyWelloffAmericankestrel	U Air	0	\N	\N
1027	1	421	Emma Watson's Boyfriend	0	LittlePinkEmperorshrimp	Dash Attack	0	\N	\N
1028	1	420	Emma Watson's Boyfriend	0	GentleImpartialFoal	Running Grab	0	\N	\N
1029	1	435	Emma Watson's Boyfriend	0	SlowShyAfricanjacana	Grab	0	\N	\N
1030	1	429	Emma Watson's Boyfriend	0	AdolescentDecimalClingfish	Air Dodge	0	\N	\N
1031	1	428	Emma Watson's Boyfriend	0	ValidDarkHoopoe	Spot Dodge	0	\N	\N
1032	1	427	Emma Watson's Boyfriend	0	GrizzledPresentCommongonolek	Roll Forward	0	\N	\N
1033	1	422	Emma Watson's Boyfriend	0	DapperOrdinaryBlackbear	Veggie Throw Ground	0	\N	\N
1034	1	447	Seikend	0	VapidInsistentIchthyosaurs	Forward B	0	\N	\N
1035	1	438	Seikend	0	EvenFaithfulCuttlefish	Neutral B in air	0	\N	\N
1036	1	440	Seikend	0	SpicySlipperyArchaeocete	Jab	0	\N	\N
1037	1	439	Seikend	0	NaturalBlankClumber	D Tilt	0	\N	\N
1038	1	443	Seikend	0	HatefulPitifulCirriped	High F Tilt	0	\N	\N
1039	1	441	Seikend	0	ThreadbareDazzlingGrunion	Low F Tilt	0	\N	\N
1040	1	436	Seikend	0	ZestyOrangeFattaileddunnart	U Tilt	0	\N	\N
1041	1	445	Seikend	0	ExcellentLiquidAsianporcupine	D Smash	0	\N	\N
1042	1	453	Seikend	0	MeaslyPassionateButterfly	F Smash	0	\N	\N
1043	1	444	Seikend	0	DeficientAncientArthropods	U Smash	0	\N	\N
1044	1	446	Seikend	0	VictoriousInstructiveFairyfly	B Air	0	\N	\N
1045	1	442	Seikend	0	OrderlyImpoliteAfricanwildcat	D Air	0	\N	\N
1046	1	449	Seikend	0	RingedParallelGrasshopper	F Air	0	\N	\N
1047	1	456	Seikend	0	SleepyFarAmurminnow	Forward B in air	0	\N	\N
1048	1	450	Seikend	0	LastNaiveAmericanrobin	U Air	0	\N	\N
1049	1	452	Seikend	0	IckyVillainousHoatzin	Dash Attack	0	\N	\N
1050	1	448	Seikend	0	BlaringWarmheartedArthropods	Running Grab	0	\N	\N
1051	1	454	Seikend	0	VeneratedPresentKittiwake	Standing Grab	0	\N	\N
1052	1	455	Seikend	0	VariableScholarlyCooter	Air Dodge	0	\N	\N
1053	1	437	Seikend	0	ExemplaryDecimalFawn	Spot Dodge	0	\N	\N
1054	1	451	Seikend	0	OfficialFloweryKoi	Roll Forward	0	\N	\N
1055	1	457	Stratocaster	0	MemorableFrayedDunlin	Down B	0	\N	\N
1056	1	476	Stratocaster	0	BraveCelebratedEchidna	Forward B	0	\N	\N
1057	1	467	Stratocaster	0	BeneficialMistyAmurratsnake	Neutral B in air	0	\N	\N
1058	1	475	Stratocaster	0	OldYoungKiwi	Up B	0	\N	\N
1059	1	458	Stratocaster	0	BriefWearyBaleenwhale	Jab	0	\N	\N
1060	1	462	Stratocaster	0	IlliterateWhiteHogget	D Tilt	0	\N	\N
1061	1	459	Stratocaster	0	SatisfiedLameEmeraldtreeskink	High F Tilt	0	\N	\N
1062	1	460	Stratocaster	0	ExemplaryGiantDesertpupfish	Low F Tilt	0	\N	\N
1063	1	461	Stratocaster	0	SoulfulBarrenGonolek	U Tilt	0	\N	\N
1064	1	463	Stratocaster	0	EntireVictoriousHyrax	D Smash	0	\N	\N
1065	1	464	Stratocaster	0	GoldenBouncyConure	F Smash	0	\N	\N
1066	1	470	Stratocaster	0	PeriodicFlippantBlueandgoldmackaw	U Smash	0	\N	\N
1067	1	478	Stratocaster	0	HelplessOpulentErin	B Air	0	\N	\N
1068	1	479	Stratocaster	0	FamiliarVeneratedHorse	D Air	0	\N	\N
1069	1	480	Stratocaster	0	FrayedPopularBrontosaurus	F Air	0	\N	\N
1070	1	471	Stratocaster	0	CorruptWhisperedCommabutterfly	N Air	0	\N	\N
1071	1	465	Stratocaster	0	DirtyWeeklyGoa	U Air	0	\N	\N
1072	1	469	Stratocaster	0	KindheartedConcreteDowitcher	Dash Attack	0	\N	\N
1073	1	473	Stratocaster	0	VerifiablePerfumedEyelashpitviper	Running Grab	0	\N	\N
1074	1	466	Stratocaster	0	PointedFrigidAcouchi	Standing Grab	0	\N	\N
1075	1	472	Stratocaster	0	AliveSarcasticEel	Air Dodge	0	\N	\N
1076	1	477	Stratocaster	0	MeaslyEdibleGemsbuck	Roll Backward	0	\N	\N
1077	1	474	Stratocaster	0	NiftyDismalGoldfish	Spot Dodge	0	\N	\N
1078	1	468	Stratocaster	0	JitteryVastBighorn	Roll Forward	0	\N	\N
1079	1	481	Aizen	0	VioletClosedKid	Down B	0	\N	\N
1080	1	508	Aizen	0	ClutteredUnnaturalCutworm	Forward B 1	0	\N	\N
1081	1	506	Aizen	0	YellowishFortunateEmu	Forward B 3 (down)	0	\N	\N
1082	1	504	Aizen	0	VelvetyZestyAzurevasesponge	Forward B 3 (neutral)	0	\N	\N
1083	1	502	Aizen	0	MeatyBeautifulIndochinesetiger	Forward B 3 (up)	0	\N	\N
1084	1	507	Aizen	0	HastyGreatAmericankestrel	Forward B 4 (down)	0	\N	\N
1085	1	498	Aizen	0	TartGiantClumber	Forward B 4 (neutral)	0	\N	\N
1086	1	499	Aizen	0	RedThatHuemul	Forward B 4 (up)	0	\N	\N
1087	1	482	Aizen	0	YoungLinearAmazondolphin	Neutral B	0	\N	\N
1088	1	505	Aizen	0	AncientKaleidoscopicFlyingfish	Neutral B in air	0	\N	\N
1089	1	483	Aizen	0	AffectionateSeparateEarthworm	Up B	0	\N	\N
1090	1	484	Aizen	0	PertinentPinkIndianabat	Jab 1	0	\N	\N
1091	1	486	Aizen	0	OffensiveViciousCob	D Tilt	0	\N	\N
1092	1	488	Aizen	0	ScratchyGratefulEagle	F Tilt	0	\N	\N
1093	1	485	Aizen	0	GargantuanGleamingHairstreakbutterfly	N Air	0	\N	\N
1094	1	487	Aizen	0	GleamingTightGuppy	U Tilt	0	\N	\N
1095	1	490	Aizen	0	ScarceRichKingfisher	D Smash	0	\N	\N
1096	1	491	Aizen	0	GlitteringGaseousIbadanmalimbe	F Smash	0	\N	\N
1097	1	489	Aizen	0	ImperturbablePlushGhostshrimp	U Smash	0	\N	\N
1098	1	494	Aizen	0	LivelyGrimyIndri	B Air	0	\N	\N
1099	1	493	Aizen	0	SpiffyEnlightenedIchneumonfly	D Air	0	\N	\N
1100	1	492	Aizen	0	HarmoniousWildBoutu	F Air	0	\N	\N
1101	1	495	Aizen	0	GlamorousBetterJenny	U Air	0	\N	\N
1102	1	496	Aizen	0	ClassicMagnificentKakapo	Dash Attack	0	\N	\N
1103	1	512	Aizen	0	PettyCheapBlacklab	Running Grab	0	\N	\N
1104	1	509	Aizen	0	RevolvingAbsoluteGiraffe	Grab	0	\N	\N
1105	1	501	Aizen	0	HeavyDishonestHairstreakbutterfly	Air Dodge	0	\N	\N
1106	1	510	Aizen	0	ColossalGentleBustard	Roll Back	0	\N	\N
1107	1	497	Aizen	0	AngryLavishFlyingfish	Spot Dodge	0	\N	\N
1108	1	511	Aizen	0	ConstantWanBream	Roll Forward	0	\N	\N
1109	1	522	knihT	0	GleefulAnxiousHammerkop	Down B	0	\N	\N
1110	1	527	knihT	0	CarelessSpicyLadybug	Neutral B	0	\N	\N
1111	1	524	knihT	0	TotalComposedJackal	Neutral B (full charge)	0	\N	\N
1112	1	514	knihT	0	DaringVacantBluetonguelizard	Jab 1	0	\N	\N
1113	1	521	knihT	0	BeautifulMasculineHind	Jab 2	0	\N	\N
1114	1	533	knihT	0	OldElaborateAlligatorsnappingturtle	D Tilt	0	\N	\N
1115	1	517	knihT	0	MealyGrandAmericansaddlebred	High F Tilt	0	\N	\N
1116	1	538	knihT	0	UnsteadyDizzyComet	Low F Tilt	0	\N	\N
1117	1	541	knihT	0	ParchedWebbedAmazonparrot	U Tilt	0	\N	\N
1118	1	519	knihT	0	PepperyMediocreAardwolf	D Smash	0	\N	\N
1119	1	537	knihT	0	PlumpAngryDugong	F Smash	0	\N	\N
1120	1	520	knihT	0	UnpleasantCommonAfricanhornbill	U Smash	0	\N	\N
1121	1	515	knihT	0	WealthyDistantArgentineruddyduck	B Air	0	\N	\N
1122	1	516	knihT	0	RashFantasticGecko	D Air	0	\N	\N
1123	1	536	knihT	0	IgnorantDisguisedBinturong	F Air	0	\N	\N
1124	1	539	knihT	0	ReflectingInsignificantAnt	N Air	0	\N	\N
1125	1	542	knihT	0	RightInfiniteAlbino	U Air	0	\N	\N
1126	1	531	knihT	0	QuaintJovialHectorsdolphin	Dash Attack	0	\N	\N
1127	1	534	knihT	0	ArtisticGloomyBullmastiff	Running Grab	0	\N	\N
1128	1	535	knihT	0	SlushyInsignificantAltiplanochinchillamouse	Standing Grab	0	\N	\N
1129	1	529	knihT	0	WarmheartedSelfishCoati	Air Dodge	0	\N	\N
1130	1	530	knihT	0	ShadyFoolhardyBasil	Roll Backward	0	\N	\N
1131	1	532	knihT	0	HauntingOccasionalCapybara	Spot Dodge	0	\N	\N
1132	1	540	knihT	0	HandyOrneryAstrangiacoral	Roll Forward	0	\N	\N
1133	1	564	Stratocaster	0	JauntyGreenJunco	Down B	0	\N	\N
1134	1	559	Stratocaster	0	WatchfulNauticalAidi	Forward B	0	\N	\N
1135	1	562	Stratocaster	0	ThriftyMetallicHornedtoad	Neutral B (charged)	0	\N	\N
1136	1	543	Stratocaster	0	SameFlippantAbyssiniangroundhornbill	Up B	0	\N	\N
1137	1	544	Stratocaster	0	ElegantVelvetyGreatargus	Jab 1	0	\N	\N
1138	1	546	Stratocaster	0	ImpureHealthyCod	Jab 2	0	\N	\N
1139	1	545	Stratocaster	0	LameGlaringAmericanrobin	Jab 3	0	\N	\N
1140	1	547	Stratocaster	0	DeliciousCoordinatedGodwit	D Tilt	0	\N	\N
1141	1	548	Stratocaster	0	LavishTanDotterel	F Tilt	0	\N	\N
1142	1	553	Stratocaster	0	PersonalGiddyIcterinewarbler	U Tilt	0	\N	\N
1143	1	558	Stratocaster	0	CoarseShadowyHypsilophodon	F Smash	0	\N	\N
1144	1	560	Stratocaster	0	OldfashionedWatchfulDromedary	B Air	0	\N	\N
1145	1	561	Stratocaster	0	PoorRaggedAlligatorgar	D Air	0	\N	\N
1146	1	550	Stratocaster	0	SecondBigheartedCrocodile	F Air	0	\N	\N
1147	1	549	Stratocaster	0	FlippantRequiredAfricanpiedkingfisher	N Air	0	\N	\N
1148	1	551	Stratocaster	0	HappyOrneryHanumanmonkey	Dash Attack	0	\N	\N
1149	1	555	Stratocaster	0	ShoddyAppropriateAegeancat	Running Grab	0	\N	\N
1150	1	552	Stratocaster	0	HiddenFittingGrebe	Standing Grab	0	\N	\N
1151	1	563	Stratocaster	0	TightLameLamb	Air Dodge	0	\N	\N
1152	1	554	Stratocaster	0	SomberLargeAss	Roll Backward	0	\N	\N
1153	1	556	Stratocaster	0	DevotedQuerulousArgentineruddyduck	Spot Dodge	0	\N	\N
1154	1	557	Stratocaster	0	IgnorantFearlessElephantbeetle	Roll Forward	0	\N	\N
1155	1	566	Stratocaster	0	InbornDamagedIndianpalmsquirrel	Neutral B in air	0	\N	\N
1156	1	565	Stratocaster	0	AnxiousOblongBobwhite	Down Smash	0	\N	\N
1157	1	568	Stratocaster	0	TatteredWarpedBushsqueaker	Up Smash	0	\N	\N
1158	1	567	Stratocaster	0	AccomplishedInsidiousJohndory	U Air	0	\N	\N
1159	1	581	mastermoo420	0	MindlessMajesticCockatiel	Down B from ground	0	\N	\N
1160	1	586	mastermoo420	0	OrneryCalmChinesecrocodilelizard	Neutral B	0	\N	\N
1161	1	587	mastermoo420	0	OpenUnrulyKangaroo	Up B	0	\N	\N
1162	1	569	mastermoo420	0	ShamefulNecessaryDobermanpinscher	Jab 1	0	\N	\N
1163	1	576	mastermoo420	0	RevolvingIncredibleDalmatian	Jab 2	0	\N	\N
1164	1	572	mastermoo420	0	AngelicGrimyAfricanaugurbuzzard	D Tilt	0	\N	\N
1165	1	571	mastermoo420	0	CorruptAmbitiousAiredaleterrier	F Tilt	0	\N	\N
1166	1	570	mastermoo420	0	SolidShowyCoqui	U Tilt	0	\N	\N
1167	1	579	mastermoo420	0	HatefulIdenticalHen	D Smash	0	\N	\N
1168	1	578	mastermoo420	0	CoordinatedGiganticJay	F Smash	0	\N	\N
1169	1	573	mastermoo420	0	SnarlingAdmirableDragonfly	U Smash	0	\N	\N
1170	1	584	mastermoo420	0	IcyHollowAlaskajingle	B Air	0	\N	\N
1171	1	583	mastermoo420	0	TenseMajorCatfish	D Air	0	\N	\N
1172	1	588	mastermoo420	0	SpitefulDeterminedBuckeyebutterfly	F Air	0	\N	\N
1173	1	590	mastermoo420	0	AshamedAnnualGoldfinch	N Air	0	\N	\N
1174	1	575	mastermoo420	0	DismalGorgeousEstuarinecrocodile	U Air	0	\N	\N
1175	1	577	mastermoo420	0	TintedGlassGarpike	Dash Attack	0	\N	\N
1176	1	585	mastermoo420	0	NastyBasicAsp	Running Grab	0	\N	\N
1177	1	580	mastermoo420	0	ValuableAlarmedHammerkop	Standing Grab	0	\N	\N
1178	1	582	mastermoo420	0	HiddenPlasticCrossbill	Air Dodge	0	\N	\N
1179	1	574	mastermoo420	0	SparklingQuestionableAmericantoad	Roll Backward	0	\N	\N
1180	1	589	mastermoo420	0	ZanyNextHermitcrab	Ground Dodge	0	\N	\N
1181	1	591	mastermoo420	0	EqualGenuineIberianchiffchaff	Roll Forward	0	\N	\N
1182	1	608	standardtoaster	0	HardBlaringBrownbear	Down B	0	\N	\N
1183	1	606	standardtoaster	0	TornWideAndeancondor	Jab 1	0	\N	\N
1184	1	593	standardtoaster	0	FittingZanyHagfish	Jab 2	0	\N	\N
1185	1	617	standardtoaster	0	SociableChiefIbisbill	Jab 3	0	\N	\N
1186	1	596	standardtoaster	0	GlossyYearlyDassie	Down Tilt	0	\N	\N
1187	1	605	standardtoaster	0	MajorDefensiveDungenesscrab	F Tilt	0	\N	\N
1188	1	620	standardtoaster	0	GrimCluelessDorking	U Tilt	0	\N	\N
1189	1	614	standardtoaster	0	HandyMetallicLabradorretriever	Down Smash	0	\N	\N
1190	1	615	standardtoaster	0	LankyDependentGlassfrog	F Smash 2	0	\N	\N
1191	1	619	standardtoaster	0	MixedPoliticalHarlequinbug	Up Smash	0	\N	\N
1192	1	595	standardtoaster	0	PreciousGenerousGoldfish	B Air	0	\N	\N
1193	1	613	standardtoaster	0	ImmenseRepentantGourami	Down Air	0	\N	\N
1194	1	601	standardtoaster	0	VengefulPerfumedAddax	F Air	0	\N	\N
1195	1	604	standardtoaster	0	ImprobableVapidGermanspitz	N Air	0	\N	\N
1196	1	594	standardtoaster	0	DishonestVapidCicada	U Air	0	\N	\N
1197	1	600	standardtoaster	0	AgreeableEssentialGrouper	Z Air	0	\N	\N
1198	1	611	standardtoaster	0	UniqueFondChrysalis	Dash Attack	0	\N	\N
1199	1	612	standardtoaster	0	BiodegradableBewitchedChupacabra	Running Grab	0	\N	\N
1200	1	616	standardtoaster	0	UnfitOccasionalIceblueredtopzebra	Grab	0	\N	\N
1201	1	599	standardtoaster	0	IndelibleFlippantCutworm	Air Dodge	0	\N	\N
1202	1	598	standardtoaster	0	RemoteSentimentalAngwantibo	Roll Backward	0	\N	\N
1203	1	618	standardtoaster	0	SentimentalConcernedBedlingtonterrier	Spot Dodge	0	\N	\N
1204	1	597	standardtoaster	0	SpeedyHarmoniousGalapagossealion	Roll Forward	0	\N	\N
1205	1	626	mastermoo420	0	BasicPettyAmericanlobster	Down B	0	\N	\N
1206	1	623	mastermoo420	0	WeightySkinnyAfricanrockpython	Forward B	0	\N	\N
1207	1	634	mastermoo420	0	ElaborateAccurateIberianmidwifetoad	Neutral B	0	\N	\N
1208	1	642	mastermoo420	0	HarshForcefulArabianwildcat	Up B	0	\N	\N
1209	1	639	mastermoo420	0	InfiniteInnocentAcornbarnacle	F Tilt	0	\N	\N
1210	1	622	mastermoo420	0	PinkIllfatedIraniangroundjay	D Smash	0	\N	\N
1211	1	638	mastermoo420	0	ImpressionableRecklessKouprey	F Smash	0	\N	\N
1212	1	643	mastermoo420	0	TatteredAffectionateAfricanelephant	U Smash	0	\N	\N
1213	1	621	mastermoo420	0	DismalUntimelyGoral	U Tilt	0	\N	\N
1214	1	630	mastermoo420	0	FluidIcyGalah	B Air	0	\N	\N
1215	1	633	mastermoo420	0	ShinyUntriedBrontosaurus	D Air	0	\N	\N
1216	1	636	mastermoo420	0	UnderstatedCheapBellfrog	D Tilt	0	\N	\N
1217	1	631	mastermoo420	0	SaneMajesticIchneumonfly	F Air	0	\N	\N
1218	1	625	mastermoo420	0	SoreColorfulJavalina	N Air	0	\N	\N
1219	1	635	mastermoo420	0	NeighboringPositiveAlligator	U Air	0	\N	\N
1220	1	637	mastermoo420	0	BrokenCostlyGrison	Dash attack	0	\N	\N
1221	1	632	mastermoo420	0	HighlevelRegalLark	Running Grab	0	\N	\N
1222	1	629	mastermoo420	0	SomberTenderAvocet	Standing Grab	0	\N	\N
1223	1	627	mastermoo420	0	CircularFrenchChrysomelid	Air Dodge	0	\N	\N
1224	1	624	mastermoo420	0	OddInexperiencedDesertpupfish	Roll Backward	0	\N	\N
1225	1	640	mastermoo420	0	DismalClosedAmericanpainthorse	Spot Dodge	0	\N	\N
1226	1	628	mastermoo420	0	ColossalEasygoingCrayfish	Roll Forward	0	\N	\N
1227	1	641	mastermoo420	0	ShamelessExhaustedAmericanindianhorse	Jab	0	\N	\N
1787	1	4	Seikend	0	ElaborateMaleAustraliankestrel	Down B on ground	0	\N	\N
1788	1	2	Seikend	0	SmoggyBriefHyracotherium	Up B in air	0	\N	\N
1789	1	3	Seikend	0	DangerousPessimisticAmericanredsquirrel	Up B on ground	0	\N	\N
1790	1	1	Seikend	0	CourteousWarmFairybluebird	Down B in air	0	\N	\N
1791	1	61	Strong Bad	0	ThinIckyGrackle	Neutral B	0	\N	\N
1792	1	40	Strong Bad	0	ComplexRevolvingBantamrooster	Up B on ground	0	\N	\N
1793	1	39	Strong Bad	0	ObedientAnimatedGuillemot	Up B in air	0	\N	\N
1794	1	66	Strong Bad	0	HopefulNauticalArrowana	Neutral B	0	\N	\N
1795	1	154	standardtoaster	0	AppropriateCleanJellyfish	High F Smash	0	\N	\N
1796	1	158	standardtoaster	0	DependentTidyGalapagospenguin	Low F Smash	0	\N	\N
1797	1	159	standardtoaster	0	InbornOrdinaryAffenpinscher	Down B	0	\N	\N
1798	1	161	standardtoaster	0	MadeupNiftyFerret	Forward B on ground	0	\N	\N
1799	1	164	standardtoaster	0	EdibleSilverFirebelliedtoad	Down B in air	0	\N	\N
1800	1	166	standardtoaster	0	LastEducatedFurseal	Forward B in air (hit)	0	\N	\N
1801	1	200	Massive	0	ShortLazyHammerheadshark	B Air	0	\N	\N
1802	1	206	Massive	0	HiddenSpryFerret	N Air	0	\N	\N
1803	1	254	standardtoaster	0	SpanishWealthyAsianconstablebutterfly	Up B	0	\N	\N
1804	1	249	standardtoaster	0	BogusSandyIrishterrier	Up B	0	\N	\N
1805	1	251	standardtoaster	0	VagueUglyDartfrog	Up B in air	0	\N	\N
1806	1	256	standardtoaster	0	RecentElaborateBellsnake	Jab 3 (non-rapid)	0	\N	\N
1807	1	259	standardtoaster	0	QuarrelsomeCanineAmericanindianhorse	Jab 3 (rapid)	0	\N	\N
1808	1	270	standardtoaster	0	ComplicatedEquatorialInsect	Down B	0	\N	\N
1809	1	283	standardtoaster	0	IllJovialDotterel	Down B on ground	0	\N	\N
1810	1	339	Stratocaster	0	RareFrigidBasenji	Forward B 2 (up)	0	\N	\N
1811	1	333	Stratocaster	0	WellmadeUnripeCopepod	Forward B 2 (neutral & down)	0	\N	\N
1812	1	366	standardtoaster	0	FeminineThoseDragonfly	Down B	0	\N	\N
1813	1	367	standardtoaster	0	ExcitableShimmeringCoelacanth	Down B (after 3 charges)	0	\N	\N
1814	1	385	standardtoaster	0	MelodicDisfiguredBedlingtonterrier	Jab	0	\N	\N
1815	1	379	standardtoaster	0	LimpDecimalEarthworm	Neutral B	0	\N	\N
1816	1	373	standardtoaster	0	SillyWiltedKakarikis	Jab	0	\N	\N
1817	1	381	standardtoaster	0	PleasedClearDikdik	Neutral B (1-8)	0	\N	\N
1818	1	394	standardtoaster	0	WelltodoFluidFrigatebird	Forward B	0	\N	\N
1819	1	395	standardtoaster	0	ImpracticalSleepyAtlanticspadefish	Up B 1	0	\N	\N
1820	1	398	standardtoaster	0	SlushyPeriodicEstuarinecrocodile	Up B 2	0	\N	\N
1821	1	399	standardtoaster	0	SpiffyJoyousAustralianfurseal	Forward B	0	\N	\N
1822	1	413	Emma Watson's Boyfriend	0	QuarrelsomeAggressiveIslandcanary	F Smash Golf Club	0	\N	\N
1823	1	414	Emma Watson's Boyfriend	0	SpecificShorttermBurro	F Smash Racket	0	\N	\N
1824	1	415	Emma Watson's Boyfriend	0	ResponsibleImaginaryGoa	F Smash Frying Pan	0	\N	\N
1825	1	500	Aizen	0	NaiveHeavyBallpython	Forward B 2 (up)	0	\N	\N
1826	1	503	Aizen	0	ConstantLastAmericanblackvulture	Forward B 2 (neutral & down)	0	\N	\N
1827	1	528	knihT	0	FlamboyantGiganticHuia	Up B	0	\N	\N
1828	1	518	knihT	0	PoshOblongBlackpanther	Forward B in air (smash b)	0	\N	\N
1829	1	526	knihT	0	OblongDesertedAnophelesmosquito	Forward B on ground (smash b)	0	\N	\N
1830	1	525	knihT	0	SandyNauticalEel	Forward B in air (tilt b)	0	\N	\N
1831	1	523	knihT	0	BlandAngelicAnaconda	Forward B on ground (tilt b)	0	\N	\N
1832	1	513	knihT	0	DisastrousFreshFerret	Up B in air	0	\N	\N
1833	1	592	standardtoaster	0	SingleImmediateGermanshepherd	Up B	0	\N	\N
1834	1	607	standardtoaster	0	ParallelIdealisticAnhinga	Neutral B (startup)	0	\N	\N
1835	1	603	standardtoaster	0	PassionateFreshHogget	Up B in air	0	\N	\N
1836	1	602	standardtoaster	0	UnacceptableBigheartedElectriceel	Neutral B	0	\N	\N
1837	1	610	standardtoaster	0	TiredGracefulIndigobunting	Forward B (end)	0	\N	\N
1838	1	609	standardtoaster	0	ConsciousVacantFlea	Forward B (start)	0	\N	\N
1850	1	381	standardtoaster	0	FelineBouncyClam	Forward B	0	\N	\N
1851	0	25	Stratocaster	0	GrandInferiorHammerheadshark	Jab 3 	0	\N	\N
1852	2	28		0	PaleHollowLamb	Captain Falcon moonwalks across the stage	0	\N	\N
1853	0	23	SmashLounge Invitational #1	0	PreciousHiddenBighornedsheep	Laudandus demonstrating how to relentlessly edgeguard as Sheik	0	\N	\N
1854	0	8	S@DZ25	0	OilyMinorAcaciarat	Irish covering all recovery options	0	\N	\N
1855	0	26	S@DZ 25	0	EmbellishedFalseInvisiblerail	Zelda using a nair to break out of a Falcon down-throw knee combo	0	\N	\N
1856	0	26	S@DZ 21	0	AggravatingOddImperialeagle	Zelda 0 - death on Peach	0	\N	\N
1857	0	1	http://www.reddit.com/r/smashbros	0	ScratchyAcademicAmericanavocet	DJ Nintendo counter-picks Bowser!	0	\N	\N
1858	0	5		0	JollyUnawareGrasshopper	Westballz demonstrating how to apply pressure as Falco	0	\N	\N
1859	2	23	Kansas City/Lawerence Smashers (Kadano)	0	SecondHiddenJoey	Light Powershielding(20XX)	0	\N	\N
1860	2	23		0	CalmPoliticalConch	Another example of light powershielding(Credit to Kadano) 	0	\N	\N
1868	2	31	http://www.reddit.com/r/smashbros	0	OddEmbellishedAmazontreeboa	A shield drop demonstrated alongside the controller inputs	0	\N	\N
1869	0	14	WHOBO MLG Edition	0	AmusedAngryAlbacoretuna	ARC showing off Marth's throw DI mixups vs Jigglypuff	0	\N	\N
1870	2	7	Forte 2	0	SatisfiedParallelIchthyostega	ARC dashdance baits a grab and punishes with a pivot tipper	0	\N	\N
1871	2	13	Kadano	0	EvilRecklessComet	Falco performs a completely intangible ledgedashstall (aka haxdash) on Yoshi's Story's side platform	0	\N	\N
1872	2	7	WHOBO MLG Edition	0	QuarrelsomeFragrantAndeancondor	the difference between f-trhow wavedash f-smash and f-throw pivot tipper	0	\N	\N
1873	2	23	smashboards.com/posts/18512581	0	LeadingHandsomeBernesemountaindog	Marth uses Z-Powershielding to increase the frame window for the powershield-projectile (reflect)	0	\N	\N
1874	2	23	smashboards.com/posts/18512581	0	WelldocumentedHoarseDuiker	Marth uses Z-Powershielding to reflect a low laser from crouch (not possible with normal PS)	0	\N	\N
1875	2	33	smashboards.com/posts/16761069	0	FancyRadiantHog	Sheik performs an aerial interrupt with her up aerial and retains 8 frames of grounded intangibility	0	\N	\N
1876	2	7	Apex 2015	0	CorruptWideeyedCommabutterfly	A collection of PewPewU pivot-tippers	0	\N	\N
1877	2	1	Kadano	0	OldDistantAmericanwigeon	Sheik punishes Falco's shield pressure with a wavedash out of shield followed by a dash attack	0	\N	\N
1878	0	14	Kadano	0	HealthyCarefreeCowbird	Marth's counter (activated)	0	\N	\N
1879	2	13	Kadano	0	CloudyScaredBernesemountaindog	Fox's completely intangible firestall (up-B ledgestall) with body state & environment visibility on	0	\N	\N
1880	0	14	Kadano	0	SophisticatedPleasingCarpenterant	Marth comboes Captain Falcon with his Dancing Blade and converts into a kill	0	\N	\N
1881	2	34	Kadano	0	HonorableGratefulBuck	PC edge hogturning around during a walk and sliding off into fast fall ledgegrab	0	\N	\N
1882	2	34	Kadano	0	ThriftyClearIndusriverdolphin	Sheik performs a wavedash smash turn fast fall edge hog	0	\N	\N
1883	2	34	Kadano	0	NimblePleasantIndianpangolin	Sheik performs a wavedash smash turn wavedash fast fall edge hog	0	\N	\N
1884	0	23	Kadano	0	PlumpBonyFlamingo	Sheik angles her up-B against the wall to delay her fall (but lose continuous intangibility)	0	\N	\N
1885	0	23	Kadano	0	UnfortunateTanCrossbill	Sheik angles her up-B against the wall, making her land earlier than without the wall collision	0	\N	\N
1886	2	20	Kadano	0	AccomplishedLegitimateGopher	DI away prevents Captain Falcon from getting uthrow follow-ups on Falco until very high percent	0	\N	\N
1888	2	27	Kadano	0	IllinformedIndolentGaur	Fox frame-perfectly waveshines Marth from zero to death, near inescapable	0	\N	\N
1889	0	14	Kadano	0	DistantWhiteGrosbeak	Short hop double fair input window (left: instant aerial and gravity, right: one frame delay)	0	\N	\N
1890	0	14	Kadano	0	GrippingEverlastingArthropods	Marth's ledgedashstall (also known as haxdash), completely intangible if executed perfectly	0	\N	\N
1891	2	13	Kadano	0	GrippingEverlastingArthropods	Marth doing the ledgedashstall (aka haxdash), completely intangible for every character except Peach	0	\N	\N
1892	2	28	Kadano	0	WiltedDazzlingGlassfrog	Marth wavedashes, moonwalks and stickywalks in that order (moonwalk part is Dash 1-26)	0	\N	\N
1893	2	1	Kadano	0	SmugOilyAmericanquarterhorse	Captain Falcon does a frame-perfect ledgedash (wavedash from the ledge) and pivot edgehogs	0	\N	\N
1894	2	11	Apex 2014	0	ForthrightActiveKillifish	PPMD dash dances through Mew2king's needles, taking them as if they were nothing	0	\N	\N
1895	2	35	Kadano	0	FrigidShadowyCheetah	Running speed depends on control stick position. Useful for spacing and faking out.	0	\N	\N
1896	0	23	Kadano	0	SeparateUnhealthyIncatern	Sheik's different dash dance lengths	0	\N	\N
1897	2	11	Kadano	0	SeparateUnhealthyIncatern	Sheik's different dash dance lengths	0	\N	\N
1898	2	33	Kadano	0	TidyScaryAzurevase	Captain Falcon's aerial interrupt, using his back aerial, alternating between normal and hitbox vis.	0	\N	\N
1899	2	13	Kadano	0	EvilRecklessComet	Falco's ledgedashstall on Yoshi's Story's side platform (completely intangible)	0	\N	\N
1900	2	13	Kadano	0	HonorableHilariousBobwhite	Falco's ledgedashstall (completely intangible), use gfycat options at the bottom right to slow down	0	\N	\N
1901	3	263		0	NastyLightAnt		0	\N	\N
1902	3	162		0	IllTidyChamois		0	\N	\N
1903	3	162		0	CookedFemaleAfricanaugurbuzzard		0	\N	\N
1904	3	162		0	EasyAdorableKite		0	\N	\N
1908	3	60		0	DenseFailingAmericancrocodile		0	\N	\N
1910	2	26	SSS 17 - S2J vs Fiction (WF)	0	ConfusedMelodicGallowaycow	nice tech chase string from S2J	0	\N	\N
1911	3	4		0	DimIckyAztecant		0	\N	\N
1912	0	8	Mayhem	0	WhoppingMinorIvorybackedwoodswallow	Fly Amanita edge guards with SoPo	0	\N	\N
1913	2	36	Kadano	0	FailingOfficialAfricanharrierhawk	Demonstrating the benefits of V Canceling. Notice the left character does a V Cancel, and thus survives Fox's up smash. 	0	\N	\N
1914	2	37	https://www.reddit.com/r/smashbros/comments/2gxk0a/the_most_sacred_of_combos/	0	UltimateWhirlwindAmericancrow	The most sacred of combos. 	0	2015-11-18 22:11:26-05	2015-11-18 22:11:26-05
1915	2	38		0	DeliriousTidyGoosefish	Marth demonstrating his ability to Fox Trot. Notice the animation and it's difference from using a full dash.	0	2015-11-18 22:18:01-05	2015-11-18 22:18:01-05
\.


--
-- Name: gifs_id_seq; Type: SEQUENCE SET; Schema: smashlounge; Owner: postgres
--

SELECT pg_catalog.setval('smashlounge.gifs_id_seq', 1915, true);


--
-- Data for Name: gifvotes; Type: TABLE DATA; Schema: smashlounge; Owner: postgres
--

COPY smashlounge.gifvotes (id, gifid, voterid, direction) FROM stdin;
1	526	2	t
2	527	2	t
3	1875	2	t
4	513	2	t
5	8	2	t
\.


--
-- Name: gifvotes_id_seq; Type: SEQUENCE SET; Schema: smashlounge; Owner: postgres
--

SELECT pg_catalog.setval('smashlounge.gifvotes_id_seq', 5, true);


--
-- Data for Name: groups; Type: TABLE DATA; Schema: smashlounge; Owner: postgres
--

COPY smashlounge.groups (id, name, permissions, created_at, updated_at) FROM stdin;
\.


--
-- Name: groups_id_seq; Type: SEQUENCE SET; Schema: smashlounge; Owner: postgres
--

SELECT pg_catalog.setval('smashlounge.groups_id_seq', 1, true);


--
-- Data for Name: guide_bodies; Type: TABLE DATA; Schema: smashlounge; Owner: postgres
--

COPY smashlounge.guide_bodies (id, created_at, updated_at) FROM stdin;
\.


--
-- Name: guide_bodies_id_seq; Type: SEQUENCE SET; Schema: smashlounge; Owner: postgres
--

SELECT pg_catalog.setval('smashlounge.guide_bodies_id_seq', 1, true);


--
-- Data for Name: guidebody; Type: TABLE DATA; Schema: smashlounge; Owner: postgres
--

COPY smashlounge.guidebody (id, guideid, section_num, section_head, section_body, section_foot, gifid, created_at, updated_at) FROM stdin;
\.


--
-- Name: guidebody_id_seq; Type: SEQUENCE SET; Schema: smashlounge; Owner: postgres
--

SELECT pg_catalog.setval('smashlounge.guidebody_id_seq', 1, true);


--
-- Data for Name: guides; Type: TABLE DATA; Schema: smashlounge; Owner: postgres
--

COPY smashlounge.guides (id, name, slug, typeid, dataid, description, author1_sponsor, author1_name, author1_twitter, author2_sponsor, author2_name, author2_twitter, created_at, updated_at) FROM stdin;
1	Marth -- just the tip	clgppumarth	1	14	Learn how to be the best Marth in town	clg	pewpewu	clg_pewpewu				\N	\N
\.


--
-- Name: guides_id_seq; Type: SEQUENCE SET; Schema: smashlounge; Owner: postgres
--

SELECT pg_catalog.setval('smashlounge.guides_id_seq', 1, true);


--
-- Data for Name: locals; Type: TABLE DATA; Schema: smashlounge; Owner: postgres
--

COPY smashlounge.locals (id, region, profileid, name, latitude, longitude, game, created_at, updated_at) FROM stdin;
2	1	https://www.facebook.com/groups/269052529786948	East Coast	37.9500000	-84.0000000	2	\N	\N
3	1	https://www.facebook.com/groups/134497873392355	East Coast	37.9470848	-83.7225060	1	\N	\N
4	1	https://www.facebook.com/groups/430811007000487	Delaware	39.1564159	-75.5134199	0	\N	\N
5	1	https://www.facebook.com/groups/DMVSSBM	Maryland / Virginia / DC	37.0000000	-79.0145760	2	\N	\N
6	1	https://www.facebook.com/groups/mdvasmash	Maryland / Virginia / DC	37.5000000	-77.0000000	3	\N	\N
7	1	https://www.facebook.com/groups/projectmdva	Maryland / Virginia / DC	38.0000000	-76.5000000	4	\N	\N
8	1	https://www.facebook.com/groups/395469233833958	Maryland - College Park	38.9875571	-76.9361836	0	\N	\N
9	1	https://www.facebook.com/groups/489536424485533	Massachusetts - Fall River	41.6855955	-71.1019620	4	\N	\N
10	1	https://www.facebook.com/groups/167824956563375	New England	42.2499739	-71.2378280	2	\N	\N
11	1	https://www.facebook.com/groups/356948471051413	New England	42.2499739	-71.0000000	3	\N	\N
12	1	https://www.facebook.com/groups/262747973827544	New Jersey - Rutgers University	40.4786710	-74.4317890	2	\N	\N
13	1	https://www.facebook.com/groups/156948507708078	New Jersey - South	40.0583240	-74.4056610	0	\N	\N
14	1	https://www.facebook.com/groups/408295942538051	New Jersey - Central	39.8297280	-74.9789590	0	\N	\N
15	1	https://www.facebook.com/groups/211900915585963	New Jersey / New York	40.4636660	-74.4406130	3	\N	\N
16	1	https://www.facebook.com/groups/350071671730817	New Jersey / New York	40.5305020	-74.3389890	4	\N	\N
17	1	https://www.facebook.com/groups/1386041018274455	New Jersey / New York	40.6056120	-74.2236330	5	\N	\N
18	1	https://www.facebook.com/groups/2200028280	New York - Ithaca / Cornell	42.4534490	-76.4735030	0	\N	\N
19	1	https://www.facebook.com/groups/224824577625283	New York - Long Island	40.7891420	-73.1349600	2	\N	\N
20	1	https://www.facebook.com/groups/364349146941224	New York - Long Island	40.7763820	-73.2843020	3	\N	\N
21	1	https://www.facebook.com/groups/smashingatempire	New York - Long Island	40.7139560	-73.6358640	0	\N	\N
22	1	https://www.facebook.com/groups/279511975480441	New York - NYC	40.7127840	-74.0059410	2	\N	\N
23	1	https://www.facebook.com/groups/310533642332998	New York - NYU	40.7272480	-73.9954510	0	\N	\N
24	1	https://www.facebook.com/groups/385718644870094	New York - Schenectady	42.8142430	-73.9395690	0	\N	\N
25	1	https://www.facebook.com/groups/639367622752544	New York - Syracuse	43.0481220	-76.1474240	0	\N	\N
26	1	https://www.facebook.com/groups/46230006858	New York - Upstate / RIT	40.7127840	-74.0059410	0	\N	\N
27	1	https://www.facebook.com/groups/centralPennSSB	Pennsylvania - Central	41.2967480	-76.3729960	0	\N	\N
28	1	https://www.facebook.com/groups/108078502591099	Pennsylvania - Philadelphia	39.9523350	-75.1637890	2	\N	\N
29	1	https://www.facebook.com/groups/NEOHBURGH	Pennsylvania - Pittsburgh / Northeast Ohio	40.3565090	-79.9192700	2	\N	\N
30	1	https://www.facebook.com/groups/182267851790715	Southern Virginia	37.0592750	-81.5377010	2	\N	\N
31	1	https://www.facebook.com/groups/452275474823750	Charlottesville, Virginia	38.0293060	-78.4766780	2	\N	\N
32	1	https://www.facebook.com/groups/596361677123724	Charlottesville, Virginia	38.0283520	-78.4880450	4	\N	\N
33	1	https://www.facebook.com/groups/182267851790715	Norfolk/Virginia Beach	36.8823350	-76.2999060	0	\N	\N
34	1	https://www.facebook.com/groups/1386540904893386	Southwest Virginia	37.4315730	-78.6568940	0	\N	\N
35	1	https://www.facebook.com/groups/204825246197520	Virginia - VCU	37.5446450	-77.4479900	0	\N	\N
36	1	https://www.facebook.com/groups/408805205918060	West Virginia	38.5976260	-80.4549030	0	\N	\N
37	2	https://www.facebook.com/groups/269052529786948/	East Coast	36.0313320	-72.6855470	2	\N	\N
38	2	https://www.facebook.com/groups/134497873392355/	East Coast	34.4522180	-73.0371090	1	\N	\N
39	2	https://www.facebook.com/groups/336726723087447/	Atlantic South General	41.4016300	-94.9908060	4	\N	\N
40	2	https://www.facebook.com/AlabamaSmashLeague	Alabama	32.3182310	-86.9022980	0	\N	\N
41	2	https://www.facebook.com/groups/285926091523241/	Arkansas	35.2010500	-91.8318330	0	\N	\N
42	2	https://www.facebook.com/groups/304489126305123/	Florida	27.6648270	-81.5157540	0	\N	\N
43	2	https://www.facebook.com/groups/138478079554384/	Florida - Central Florida	27.7127100	-81.5405270	2	\N	\N
44	2	https://www.facebook.com/groups/456656917699611/	Florida - Gainesville	29.6516340	-82.3248260	3	\N	\N
45	2	https://www.facebook.com/groups/247383341960804/	Florida - Jacksonville	30.3321840	-81.6556510	0	\N	\N
46	2	https://www.facebook.com/groups/134182206752487/	Florida - Pensacola	30.4213090	-87.2169150	0	\N	\N
47	2	https://www.facebook.com/groups/1440737036160195/	Florida - South Florida 1	27.4602270	-82.6676730	0	\N	\N
48	2	https://www.facebook.com/pages/Smash-In-Progress/706760066011314	Florida - South Florida 2	27.4504470	-82.5773760	0	\N	\N
49	2	https://www.facebook.com/VersusGamingCenter	Florida - South Florida 3	27.9064690	-81.5740650	0	\N	\N
50	2	https://www.facebook.com/groups/159234920826366/	Florida - South Florida	27.6648270	-81.5157540	2	\N	\N
51	2	https://www.facebook.com/groups/193697467326040/	Florida - South West Florida	27.6656460	-81.5116450	0	\N	\N
52	2	https://www.facebook.com/groups/357576900984630/	Florida - Tallahassee	30.4382560	-84.2807330	0	\N	\N
53	2	https://www.facebook.com/groups/483669795064224/	Florida - Tampa Bay	27.7028710	-82.5834950	2	\N	\N
54	2	https://www.facebook.com/groups/TampaSmash/	Florida - Tampa Bay	27.8366470	-82.5032040	3	\N	\N
55	2	https://www.facebook.com/groups/125733910821001/	Florida - University of Florida 2	25.7885490	-80.3796260	0	\N	\N
56	2	https://www.facebook.com/groups/209198555783942/	Georgia	32.1656220	-82.9000750	2	\N	\N
57	2	https://www.facebook.com/groups/179381782079932/	Georgia	30.3229140	-93.1854220	3	\N	\N
58	2	https://www.facebook.com/groups/1392554534335836/	Georgia	33.1947030	-84.2845670	4	\N	\N
59	2	https://www.facebook.com/groups/133034603414177/	Louisiana	30.9842980	-91.9623330	0	\N	\N
60	2	https://www.facebook.com/groups/352469348160468/	Louisiana	30.0827880	-92.6747630	2	\N	\N
61	2	https://www.facebook.com/LSUSmash	Louisiana - LSU	30.4132580	-91.1800020	0	\N	\N
62	2	https://www.facebook.com/groups/512742878766152/	Louisiana - New Orleans	29.9510660	-90.0715320	2	\N	\N
63	2	https://www.facebook.com/groups/276445842390059/	North Carolina	35.7595730	-79.0193000	2	\N	\N
64	2	https://www.facebook.com/groups/164944006930835/	North Carolina	35.1934210	-77.0334180	3	\N	\N
65	2	https://www.facebook.com/groups/290202017736245/	South Carolina	33.8360810	-81.1637250	2	\N	\N
66	2	https://www.facebook.com/groups/MiddleTNProjectM/	Tennessee	35.5174910	-86.5804470	2	\N	\N
67	3	https://www.facebook.com/groups/mwsmash/	Midwest General 1	39.9097360	-93.5156250	0	\N	\N
68	3	https://www.facebook.com/groups/257285400975347/	Midwest General 2	39.9013090	-92.5872800	0	\N	\N
69	3	https://www.facebook.com/groups/380188912048431/	Illinois - Champaign	40.1164200	-88.2433830	0	\N	\N
70	3	https://www.facebook.com/groups/126804630735563/	Illinois - Chicago	41.8781140	-87.6297980	2	\N	\N
71	3	https://www.facebook.com/groups/1399023747004983/	Illinois- Springfield	39.7817210	-89.6501480	0	\N	\N
72	3	https://www.facebook.com/groups/129015017194089/	Illinois South, Kentucky West, Missouri East	37.5097260	-88.7695310	0	\N	\N
73	3	https://www.facebook.com/groups/171453176258373/	Indiana - Carmel	39.9783710	-86.1180430	2	\N	\N
74	3	https://www.facebook.com/groups/611364705589048/	Indiana - Indianapolis	39.7684030	-86.1580680	0	\N	\N
75	3	https://www.facebook.com/groups/247658661961971/	Indiana - Fort Wayne	41.0792730	-85.1393510	0	\N	\N
76	3	https://www.facebook.com/groups/PurdueSSBO/	Indiana - Purdue	40.4237050	-86.9211950	0	\N	\N
77	3	https://www.facebook.com/groups/382901415171283	Indiana - IU Bloomington	39.1691360	-86.5149050	0	\N	\N
78	3	https://www.facebook.com/groups/1421302704757453/	Iowa	41.8780030	-93.0977020	0	\N	\N
79	3	https://www.facebook.com/groups/ksssb	Kansas	39.0119020	-98.4842460	0	\N	\N
80	3	https://www.facebook.com/groups/734815379867767/	Kansas City	39.0997270	-94.5785670	4	\N	\N
81	3	https://www.facebook.com/groups/271575972914386/	Kentucky-Ohio-Indiana	38.7883450	-84.5507810	0	\N	\N
82	3	https://www.facebook.com/groups/umsmash/	Michigan	42.2808260	-83.7430380	2	\N	\N
83	3	https://www.facebook.com/groups/406757282795167/	Michigan	42.3443350	-83.8201900	3	\N	\N
84	3	https://www.facebook.com/groups/WestMISmash/	Michigan - West	43.8028190	-86.0449220	0	\N	\N
85	3	https://www.facebook.com/groups/258765404305007/	Michigan	42.3849230	-83.5702510	4	\N	\N
86	3	https://www.facebook.com/groups/540421182680998/	Minnesota	46.7295530	-94.6859000	0	\N	\N
87	3	https://www.facebook.com/groups/176623759034371/	Minnesota - UMM	45.5892070	-95.9033780	0	\N	\N
88	3	https://www.facebook.com/groups/323513011041633/	Missouri - St. Louis	38.6270030	-90.1994040	2	\N	\N
89	3	https://www.facebook.com/groups/414566191955018/	Missouri - St. Louis	38.6218030	-90.2365320	3	\N	\N
90	3	https://www.facebook.com/groups/338517279512871/	Missouri - Springfield	37.2089570	-93.2922990	0	\N	\N
91	3	https://www.facebook.com/groups/199063406858260/	Nebraska	41.4925370	-99.9018130	2	\N	\N
92	3	https://www.facebook.com/groups/105843859488387/	Ohio	40.4172870	-82.9071230	0	\N	\N
93	3	https://www.facebook.com/groups/677137102305269/	Ohio - Cincinnati	39.1031180	-84.5120200	0	\N	\N
94	3	https://www.facebook.com/groups/133757653398073/	Ohio - Columbus	39.9611760	-82.9987940	2	\N	\N
95	3	https://www.facebook.com/groups/302630169803625/	Ohio - Columbus	39.9596880	-83.0074600	3	\N	\N
96	3	https://www.facebook.com/groups/1396649643918505/	Ohio - Northwest	40.8138090	-83.8256840	2	\N	\N
97	3	https://www.facebook.com/groups/470817746279509/	Western PA / Northeast OH	41.2447720	-80.4858400	0	\N	\N
98	3	https://www.facebook.com/groups/466886533331712/	South Dakota	43.9695150	-99.9018130	0	\N	\N
99	3	https://www.facebook.com/groups/411431608918302/	Wisconsin	43.0327610	-87.9071040	0	\N	\N
100	4	https://www.facebook.com/groups/190510254334113/	Arizona	33.4406090	-112.0935060	2	\N	\N
101	4	https://www.facebook.com/groups/252928971439205/	Arizona	32.1384090	-110.9179690	3	\N	\N
102	4	https://www.facebook.com/groups/248367238515394/	Colorado	39.7325380	-104.9688720	0	\N	\N
103	4	https://www.facebook.com/groups/541859482565869/	Oklahoma	35.4675600	-97.5164280	0	\N	\N
104	4	https://www.facebook.com/groups/326887317543/	Texas - Amarillo	35.2219970	-101.8312970	0	\N	\N
105	4	https://www.facebook.com/groups/476448669077840/	Texas - Austin	30.2671530	-97.7430610	1	\N	\N
106	4	https://www.facebook.com/groups/Austin.Melee/	Texas - Austin	30.2680370	-97.7365640	2	\N	\N
107	4	https://www.facebook.com/groups/426773497467785/	Texas - Austin	30.2604020	-97.7520560	4	\N	\N
108	4	http://www.facebook.com/groups/bcsmelee	Texas - Bryan-College Station	30.6275730	-96.3348200	0	\N	\N
109	4	https://www.facebook.com/groups/205428649667016/	Texas - College Station	30.6224020	-96.3410000	0	\N	\N
110	4	https://www.facebook.com/groups/350398944989752/	Texas - Dallas-Fort Worth	32.7554880	-97.3307660	2	\N	\N
111	4	https://www.facebook.com/groups/673233716043745/	Texas - El Paso	31.7699560	-106.4968050	0	\N	\N
112	4	https://www.facebook.com/groups/554204308010763/	Texas - Fort Worth	32.7554880	-97.3307660	0	\N	\N
113	4	https://www.facebook.com/groups/223986011009934/	Texas - Houston	29.7601930	-95.3693900	2	\N	\N
114	4	https://www.facebook.com/groups/197481713674782	Texas - San Antonio	29.4241220	-98.4936280	2	\N	\N
115	4	https://www.facebook.com/groups/122102801187160/	Texas - Rio Grande Valley	26.1502960	-97.9767720	0	\N	\N
116	4	https://www.facebook.com/UtahSmash	Utah	40.7472570	-111.8627930	0	\N	\N
117	4	https://www.facebook.com/groups/35208405538/	Utah - Provo/Orem	40.2617130	-111.6773990	0	\N	\N
118	4	https://www.facebook.com/groups/507726149334644/	New Mexico	35.0659730	-106.6223140	0	\N	\N
119	5	https://www.facebook.com/groups/CentralCaliSmash/	CA - Central Cali	36.6331620	-119.7290040	0	\N	\N
120	5	http://www.facebook.com/groups/276813632366412/	CA - NorCal	37.7446570	-122.4371340	2	\N	\N
121	5	https://www.facebook.com/groups/NorcalBrawl/	CA - NorCal	37.3133830	-121.8988040	3	\N	\N
122	5	https://www.facebook.com/groups/700200659991734/	CA - NorCal	37.3308570	-121.8905640	4	\N	\N
123	5	https://www.facebook.com/groups/SantaCruzMelee/	CA - Santa Cruz	36.9696440	-122.0224000	2	\N	\N
124	5	https://www.facebook.com/groups/124711994367202/	CA - Berkeley	37.8715930	-122.2727470	2	\N	\N
125	5	https://www.facebook.com/groups/251905601637936/	CA - Humboldt	40.7450050	-123.8695090	0	\N	\N
126	5	https://www.facebook.com/groups/479162355483578	CA - Orange County	33.7174710	-117.8311430	2	\N	\N
127	5	https://www.facebook.com/groups/78151322382/	CA - San Diego	32.7157380	-117.1610840	2	\N	\N
128	5	http://www.facebook.com/groups/358902214188040/	CA - Santa Barbara	34.4208310	-119.6981900	2	\N	\N
129	5	https://www.facebook.com/groups/593635670694883/	CA - SoCal	34.0344530	-118.4710690	1	\N	\N
130	5	http://www.facebook.com/groups/368704663144095/	CA - SoCal	34.0299000	-118.2568360	2	\N	\N
131	5	https://www.facebook.com/groups/SSBBsocal/	CA - SoCal	34.2027160	-118.5699460	3	\N	\N
132	5	https://www.facebook.com/groups/SSBPMsocal/	CA - SoCal	33.9205720	-117.4108890	4	\N	\N
133	5	https://www.facebook.com/groups/611100575632206/	CA - South Bay	37.3395920	-121.9235230	2	\N	\N
134	5	https://www.facebook.com/groups/480597648717885/	CA - Thousand Oaks	34.1705610	-118.8375940	0	\N	\N
135	5	https://www.facebook.com/groups/MELEE702/	Nevada - Las Vegas	36.1699410	-115.1398300	2	\N	\N
136	5	https://www.facebook.com/groups/BRAWL702/	Nevada - Las Vegas	36.1728030	-115.2095030	3	\N	\N
137	5	https://www.facebook.com/groups/702PROJECTM/	Nevada - Las Vegas	36.1683680	-115.0968930	4	\N	\N
138	5	https://www.facebook.com/groups/619057094778540/	Nevada - Reno	39.5296330	-119.8138030	0	\N	\N
139	5	https://www.facebook.com/groups/641344915919224/	Sacramento Smash	38.5815720	-121.4944000	0	\N	\N
140	5	https://www.facebook.com/groups/245900615456533/	Official Washington Melee	47.6000000	-122.3320000	0	\N	\N
141	5	https://www.facebook.com/groups/642114992487346/	Irvine	33.6839470	-117.7946940	0	\N	\N
142	5	https://www.facebook.com/groups/340535089298820/	Portland	45.5234520	-122.6762070	0	\N	\N
143	5	https://www.facebook.com/groups/283358348346303/	Eugene	44.0520690	-123.0867540	0	\N	\N
144	5	https://www.facebook.com/groups/224872027544762/	Corvallis	44.5645660	-123.2620440	0	\N	\N
145	5	https://www.facebook.com/groups/SCVSSBM/ 	Santa Clarita Valley	34.3796510	-118.5305980	2	\N	\N
146	1	https://www.facebook.com/groups/WorcesterSmashBros/	Worcester	42.2625930	-71.8022930	0	\N	\N
147	4	https://www.facebook.com/groups/350398944989752/	DFW	32.7554880	-97.0000000	0	\N	\N
148	2	https://www.facebook.com/groups/731966200177831/	Asheville	35.5950580	-82.5514870	0	\N	\N
149	1	https://www.facebook.com/groups/46230006858/	Rochester 	43.1610300	-77.6109220	0	\N	\N
150	5	https://www.facebook.com/groups/790683467608502/	Fremont	37.5482700	-121.9885720	2	\N	\N
151	5	https://www.facebook.com/groups/251629451659962/	San Luis Obispo	35.2827520	-120.6596160	0	\N	\N
152	3	https://www.facebook.com/groups/124366774346574/	Wichita	37.6888890	-97.3361110	2	\N	\N
153	5	https://www.facebook.com/groups/everythingsmash/	CA - VENTURA COUNTY	34.2685660	-119.2284390	0	\N	\N
154	4	https://www.facebook.com/groups/GAMelee/	Atlanta	33.7489950	-84.3879820	2	\N	\N
155	5	https://www.facebook.com/groups/1419390711611336/	High Desert	35.1440470	-106.4869710	2	\N	\N
156	5	https://www.facebook.com/groups/619057094778540/	Reno	39.5296330	-119.8138030	0	\N	\N
157	5	https://www.facebook.com/groups/707melee/	707	38.2918590	-122.4580360	2	\N	\N
158	3	https://www.facebook.com/groups/KyOhWVa.Smash/	Ironton, Ohio	38.5367470	-82.6829410	2	\N	\N
159	2	https://www.facebook.com/groups/235912859946393	Buford	34.1206560	-84.0043510	2	\N	\N
160	3	https://www.facebook.com/groups/230511403809562/	Third Lake	42.3739110	-88.0109120	0	\N	\N
161	5	https://www.facebook.com/groups/279945308796732/	Long Beach	33.7700500	-118.1937390	0	\N	\N
162	1	https://www.facebook.com/groups/417873421648323/	Bedford, MA	42.4906230	-71.2760090	2	\N	\N
163	2	https://www.facebook.com/groups/159610307409216/	Dothan	31.2232310	-85.3904890	4	\N	\N
164	5	https://www.facebook.com/groups/EWASmashBros/	Eastern Washington	47.6520000	-117.4330000	0	\N	\N
165	6	https://www.facebook.com/groups/calgarysmash/	Calgary Smash Brothers Community	51.0780000	-114.1340000	0	\N	\N
166	6	https://www.facebook.com/groups/edmontonsmash/	Edmonton Smash Bros Community	53.5320000	-113.4900000	0	\N	\N
167	1	https://www.facebook.com/groups/212152128989881/	Smash Bros. at William & Mary	37.2730000	-76.7140000	0	\N	\N
168	6	https://www.facebook.com/groups/SmashUK/	Smash UK	51.4540000	-0.0680000	0	\N	\N
169	6	https://www.facebook.com/groups/614361821964340/	Solent Smash	50.9030000	-1.3980000	0	\N	\N
170	6	https://www.facebook.com/groups/674542725954277/	Asker/Brum Smash	59.8630000	10.4860000	0	\N	\N
171	5	http://smashboards.com/threads/osc-oregon-players-events-all-the-info-you-need.66978/	Oregon Smash Community	44.0390000	-123.0760000	0	\N	\N
172	6	https://www.facebook.com/groups/194535274054492/?fref=ts	Smash Scotland	55.8740000	-4.2340000	0	\N	\N
173	6	https://www.facebook.com/groups/SmashMeleeOntario/	GTA (Greater Toronto Area) Smash	43.6450000	-79.3940000	2	\N	\N
174	1	https://www.facebook.com/groups/TheBCSmashCommunity/	Vancouver Smash Group	49.2700000	-123.1170000	0	\N	\N
175	5	https:/www.facebook.com/groups/TemeculaSSBM/	Temecula Melee	33.5460000	-117.1390000	2	\N	\N
176	1	https:/www.facebook.com/groups/630453227015754/	Midlands Smash	52.6270000	-1.1220000	0	\N	\N
177	6	https:/www.facebook.com/groups/ssbmtl/	Montreal Melee	45.4990000	-73.5660000	2	\N	\N
178	5	https:/www.facebook.com/groups/160709990614463/	Melee players in Davis who actually still pl	38.5430000	-121.7540000	2	\N	\N
179	3	www.facebook.com/groups/310359889094549/	Montana Smash	46.5840000	-112.8500000	2	\N	\N
180	1	www.facebook.com/groups/1480028002218278/	Cortland Smash Bros	42.6020000	-76.1860000	2	\N	\N
181	1	www.facebook.com/groups/CornellSmash/	Cornell Smash [the old Facebook listing for 	42.4470000	-76.4900000	0	\N	\N
182	6	www.facebook.com/groups/108829072557656/	Smash BR	-15.8150000	-47.8560000	0	\N	\N
183	1	www.facebook.com/groups/VermontMelee	Vermont Melee	44.4750000	-73.2060000	2	\N	\N
184	6	www.facebook.com/groups/315598801891025/	Ottawa Melee	45.3970000	-75.6660000	2	\N	\N
185	3	www.facebook.com/groups/PlattevilleSmashBros/	Platteville Smash Bros.	42.7330000	-90.4870000	0	\N	\N
186	5	www.facebook.com/groups/centralwashingtonsmash/	Central Washington Super Smash Bros	47.4310000	-120.3370000	1	\N	\N
187	5	www.facebook.com/groups/centralwashingtonsmash/	Central Washington Smash	47.4160000	-120.2960000	4	\N	\N
188	1	www.facebook.com/groups/SCPASmash	South Central PA Smash	40.1520000	-76.5920000	0	\N	\N
189	1	m.facebook.com/groups/500077296805692/?refsrc=http%3A%2F%2Fwww.reddit.com%2Fr%2Fsmashbros%2Fwiki%2Ffacebook&refid=9&_rdr#_=_	Northeast PA Competitive Smash 	40.8720000	-75.3440000	0	\N	\N
190	1	www.facebook.com/groups/SmashWichita/	Super Smash Bros. 4 Wichita	37.6889000	-97.3361000	5	\N	\N
191	1	www.facebook.com/groups/NEPAsmash/	Northeast PA Competitive Smash	41.2750000	-75.7890000	0	\N	\N
192	2	www.facebook.com/groups/604473126274663/	Memphis Area Smash	35.1380000	-90.0710000	2	\N	\N
193	2	www.facebook.com/groups/604473126274663/805739082814732/?notif_t=group_activity	Memphis Area Smash	35.1430000	-90.0530000	0	\N	\N
194	6	https://www.facebook.com/groups/537230349688495/	Smash NL	52.3890000	4.9110000	2	2016-02-01 22:17:39-05	2016-02-01 22:17:39-05
195	6	http://facebook.com/groups/meleegdl	Smash Bros. Melee Guadalajara	20.6720000	-103.3890000	1	2016-02-01 22:17:51-05	2016-02-01 22:17:51-05
196	4	https://www.facebook.com/groups/1392852414305170/	West Texas Smash Bros	32.2500000	-101.4670000	2	2016-02-01 22:17:54-05	2016-02-01 22:17:54-05
197	1	https://www.facebook.com/groups/ssb4tr	SSBTR	46.3600000	-72.5710000	5	2016-02-01 22:17:57-05	2016-02-01 22:17:57-05
198	2	https://www.facebook.com/groups/280251925445617/	Knoxville	35.9600000	-83.9790000	2	2016-02-01 22:17:59-05	2016-02-01 22:17:59-05
199	2	https://www.facebook.com/groups/495161043926025/	Chattanooga	35.0120000	-85.3200000	2	2016-02-01 22:18:01-05	2016-02-01 22:18:01-05
200	1	https://www.facebook.com/groups/CornellSmash/	Cornell Smash	42.4450000	-76.4830000	5	2016-02-01 22:18:03-05	2016-02-01 22:18:03-05
201	1	https://www.facebook.com/groups/CornellSmash/	Cornell Smash	42.4440000	-76.4840000	2	2016-02-01 22:18:06-05	2016-02-01 22:18:06-05
202	1	https://www.facebook.com/groups/CornellSmash/	Cornell Smash	42.4450000	-76.4830000	4	2016-02-01 22:18:07-05	2016-02-01 22:18:07-05
203	1	https://www.facebook.com/groups/PghNeohSmash4/	Pittsburgh/Northeast Ohio Smash 4	40.4290000	-79.9870000	5	2016-02-01 22:18:10-05	2016-02-01 22:18:10-05
204	1	www.facebook.com/groups/HYPECENTRAL	HYPECENTRAL - Melee & Sm4sh weekly tournamen	43.8070000	-79.4220000	2	2016-02-01 22:18:30-05	2016-02-01 22:18:30-05
205	6	www.facebook.com/groups/HYPECENTRAL	HYPECENTRAL - Melee & Sm4sh weekly tournamen	43.8070000	-79.4220000	5	2016-02-01 22:18:31-05	2016-02-01 22:18:31-05
206	1		Grande Prairie Smash Bros Community 	55.1850000	-118.8120000	2	2016-02-01 22:18:36-05	2016-02-01 22:18:36-05
207	1	https://m.facebook.com/groups/395973923931639/?refsrc=http%3A%2F%2Fm.reddit.com%2Fr%2Fsmashbros%2Fwiki%2Ffacebook	Grande Prairie Smash Bros Community 	55.1630000	-118.8120000	2	2016-02-01 22:18:38-05	2016-02-01 22:18:38-05
208	1	https://www.facebook.com/groups/sjsmash/	South Jersey Smash	39.4880000	-75.0160000	5	2016-02-01 22:18:39-05	2016-02-01 22:18:39-05
209	1	https://www.facebook.com/groups/sjsmash/	South Jersey Smash	39.4850000	-75.0160000	2	2016-02-01 22:18:40-05	2016-02-01 22:18:40-05
210	6	https://www.facebook.com/groups/1403141159988467/	Jupiter Smash	41.9030000	12.5050000	5	2016-02-01 22:18:42-05	2016-02-01 22:18:42-05
211	6	https://www.facebook.com/smashgofsg/	Singapore	1.3580000	103.8600000	5	2016-02-01 22:18:43-05	2016-02-01 22:18:43-05
212	1		Capital region smash	42.9970000	-73.7810000	2	2016-02-01 22:18:44-05	2016-02-01 22:18:44-05
213	3	Facebook.com/groups/siouxcitysmash	Sioux City Smash	42.5000000	-96.4060000	2	2016-02-01 22:18:46-05	2016-02-01 22:18:46-05
214	5		Modesto Melee	37.6510000	-121.0100000	2	2016-02-01 22:18:47-05	2016-02-01 22:18:47-05
215	1	https://www.facebook.com/groups/projectmontario/	Ontario	43.8350000	-80.3320000	1	2016-02-01 22:18:48-05	2016-02-01 22:18:48-05
216	1	Facebook.com/Modestomelee	Modesto Melee	37.6510000	-121.0100000	2	2016-02-01 22:18:49-05	2016-02-01 22:18:49-05
217	3	https://www.facebook.com/groups/rockfordsmash/	Rockford IL Smash	42.2660000	-89.1000000	2	2016-02-01 22:18:58-05	2016-02-01 22:18:58-05
218	1		Smash @ Dracut	42.7390000	-71.4040000	5	2016-02-01 22:19:00-05	2016-02-01 22:19:00-05
219	3	https://www.facebook.com/groups/836513426404338/	Saints Competitive Gaming (S.C.G.)	43.9810000	-94.6290000	2	2016-02-01 22:19:02-05	2016-02-01 22:19:02-05
220	1	https://www.facebook.com/groups/odussa/	ODU SSA	36.8870000	-76.3060000	2	2016-02-01 22:19:03-05	2016-02-01 22:19:03-05
221	6	https://www.facebook.com/groups/smashdojopr/	Smah Dojo PR - Puerto Rico	18.2240000	-66.4730000	5	2016-02-01 22:19:08-05	2016-02-01 22:19:08-05
222	1	https://www.facebook.com/groups/314009222142108/	Aurora Smash Heroes	41.7630000	-88.2190000	2	2016-02-01 22:19:12-05	2016-02-01 22:19:12-05
223	6	https://www.facebook.com/groups/uwsmashclub/	University of Waterloo Smash Club	43.4720000	-80.5450000	2	2016-02-01 22:19:24-05	2016-02-01 22:19:24-05
224	3	https://www.facebook.com/groups/541374019328110/	SFASU Smash	31.6210000	-94.6490000	2	2016-02-01 22:19:31-05	2016-02-01 22:19:31-05
225	1	https://www.facebook.com/groups/219940314699498/	Fredonia Smash Club	42.4480000	-79.2970000	2	2016-02-01 22:19:33-05	2016-02-01 22:19:33-05
226	6	https://www.facebook.com/groups/133034603414177/	Louisiana Smash	31.2030000	-92.4170000	2	2016-02-01 22:19:34-05	2016-02-01 22:19:34-05
227	3	https://www.facebook.com/NebraskaSmashBros	Nebraska	41.2190000	-96.0430000	2	2016-02-01 22:19:42-05	2016-02-01 22:19:42-05
228	6	https://m.facebook.com/ggbergen/	GG Bergen	60.3830000	5.2990000	2	2016-02-12 22:22:29-05	2016-02-12 22:22:29-05
229	6	https://www.facebook.com/groups/smashbrositalia/	Super Smash Bros. Melee Italia	45.4670000	9.1900000	2	2016-02-12 22:22:34-05	2016-02-12 22:22:34-05
230	6	http://facebook.com/groups/Smashatlan/	Smash Melee Mazatln	23.2350000	-106.4230000	2	2016-02-12 22:22:37-05	2016-02-12 22:22:37-05
231	4	https://www.facebook.com/groups/1392852414305170/	West Texas Smash Bros	32.2500000	-101.4780000	5	2016-02-12 22:22:40-05	2016-02-12 22:22:40-05
232	5	https://www.facebook.com/groups/970720402987175/	Salinas Super Smash Bros Melee	36.6680000	-121.6570000	2	2016-02-12 22:22:50-05	2016-02-12 22:22:50-05
233	1	https://www.facebook.com/groups/victoriasmash/	Uvic Smash Bros. Club	48.4600000	-123.3070000	2	2016-02-12 22:22:55-05	2016-02-12 22:22:55-05
234	5	https://www.facebook.com/groups/602316896500737/	North Vancouver Island Smash Community	49.1640000	-123.9390000	2	2016-02-12 22:22:57-05	2016-02-12 22:22:57-05
235	1	https://www.facebook.com/groups/1524716234455288/	American University Smash Crew	38.9390000	-77.0890000	2	2016-02-12 22:23:04-05	2016-02-12 22:23:04-05
236	6	https://www.facebook.com/groups/545296702253114/	Smash Barcelona	41.3790000	2.1660000	2	2016-02-12 22:23:09-05	2016-02-12 22:23:09-05
237	1	https://www.facebook.com/groups/1524716234455288/	American University Smash	38.9370000	-77.0890000	2	2016-02-12 22:23:13-05	2016-02-12 22:23:13-05
238	2	https://www.facebook.com/groups/NLandLSC/	Nuevo Laredo and Laredo Smash Community	27.5110000	-99.4800000	5	2016-03-02 00:03:59-05	2016-03-02 00:03:59-05
239	6	https://facebook.com/groups/MeleeGDL/	Smash Bros. Melee Guadalajara	20.6720000	-103.3890000	2	2016-03-02 00:04:01-05	2016-03-02 00:04:01-05
240	3	https://facebook.com/groups/916631871764591/	Santa Fe Smash Group	35.6630000	-105.9760000	5	2016-04-11 20:38:56-04	2016-04-11 20:38:56-04
241	6	https://www.facebook.com/groups/343477779066696/?fref=ts	Le French Melee	48.8940000	2.3570000	2	2016-04-11 20:39:01-04	2016-04-11 20:39:01-04
242	1	https://www.facebook.com/groups/santamariasmash	Santa Maria	34.9230000	-120.4240000	2	2016-04-11 20:39:08-04	2016-04-11 20:39:08-04
243	6	https://www.facebook.com/groups/GreekSmashBrosMelee	Greek Athens Melee Scene	37.9840000	23.7290000	2	2016-06-06 19:48:55-04	2016-06-06 19:48:55-04
244	1	https://www.facebook.com/groups/809334862467449/	EWU Smash	47.4880000	-117.5860000	2	2016-06-06 19:48:58-04	2016-06-06 19:48:58-04
245	1	https://www.facebook.com/groups/1386598461656385/	Smash at High Tides	38.2880000	-76.4870000	5	2016-06-06 19:49:00-04	2016-06-06 19:49:00-04
246	1	https://www.facebook.com/groups/211269812393715/	Fargo/Moorhead Smash Club	46.8620000	-96.8120000	2	2016-06-06 19:49:15-04	2016-06-06 19:49:15-04
247	6	https://www.facebook.com/groups/smashBXL	Smash BXL	50.8550000	4.3230000	2	2016-06-06 19:49:16-04	2016-06-06 19:49:16-04
248	1	https://www.facebook.com/groups/115483696626/	Salisbury Smasherz	38.3630000	-75.5940000	2	2016-06-06 19:49:36-04	2016-06-06 19:49:36-04
249	6	https://www.facebook.com/groups/218742101607432/	Swiss Smash	46.5590000	8.0860000	2	2016-06-06 19:50:00-04	2016-06-06 19:50:00-04
250	6	https://www.facebook.com/groups/SMASHLATAM/	Smash Latam	8.4070000	-73.6520000	2	2016-06-06 19:50:02-04	2016-06-06 19:50:02-04
251	6	https://www.facebook.com/groups/SMASHLATAM/	Smash Latam	6.8390000	-74.3550000	4	2016-06-06 19:50:06-04	2016-06-06 19:50:06-04
252	6	https://www.facebook.com/groups/SMASHLATAM/	Smash Latam	7.1880000	-74.1800000	1	2016-06-06 19:50:07-04	2016-06-06 19:50:07-04
253	6	https://www.facebook.com/groups/SMASHLATAM/	Smash Latam	6.6650000	-74.8830000	5	2016-06-06 19:50:07-04	2016-06-06 19:50:07-04
254	3	https://www.facebook.com/groups/568696659868188/	Rolla Smash	37.9600000	-91.7710000	2	2016-11-12 04:14:14-05	2016-11-12 04:14:14-05
255	2	http://www.facebook.com/groups/1071781742911676/	Hub City Smash	35.6130000	-88.7860000	2	2016-11-12 04:14:16-05	2016-11-12 04:14:16-05
256	2	http://www.facebook.com/groups/1071781742911676/	Hub City Smash 4	35.6390000	-88.7860000	5	2016-11-12 04:14:17-05	2016-11-12 04:14:17-05
257	6	https://www.facebook.com/groups/smashcn/	SmashCN	31.2790000	121.4980000	5	2016-11-12 04:14:19-05	2016-11-12 04:14:19-05
258	3	https://www.facebook.com/groups/SoUSmash/	Southern Utah Smash	37.0870000	-113.5700000	2	2017-01-09 07:16:51-05	2017-01-09 07:16:51-05
259	1	https://www.facebook.com/groups/585036658265765/	Northern Louisiana Smash	32.5380000	-93.7480000	2	2017-08-13 20:08:57-04	2017-08-13 20:08:57-04
\.


--
-- Name: locals_id_seq; Type: SEQUENCE SET; Schema: smashlounge; Owner: postgres
--

SELECT pg_catalog.setval('smashlounge.locals_id_seq', 259, true);


--
-- Data for Name: migrations; Type: TABLE DATA; Schema: smashlounge; Owner: postgres
--

COPY smashlounge.migrations (migration, batch) FROM stdin;
2014_10_12_000000_create_users_table	1
2014_10_12_100000_create_password_resets_table	1
2015_06_03_054529_create_charinfo_table	1
2015_06_03_054529_create_chartech_table	1
2015_06_03_054529_create_framedatajson_table	1
2015_06_03_054529_create_framedatamoves_table	1
2015_06_03_054529_create_friends_table	1
2015_06_03_054529_create_gifs_table	1
2015_06_03_054529_create_gifvotes_table	1
2015_06_03_054529_create_groups_table	1
2015_06_03_054529_create_locals_table	1
2015_06_03_054529_create_moves_table	1
2015_06_03_054529_create_submissions_table	1
2015_06_03_054529_create_submissionsgroup_table	1
2015_06_03_054529_create_submissionstech_table	1
2015_06_03_054529_create_submissionstournament_table	1
2015_06_03_054529_create_submissionsvod_table	1
2015_06_03_054529_create_techs_table	1
2015_06_03_054529_create_throttle_table	1
2015_06_03_054529_create_upcoming_table	1
2015_06_03_054529_create_userinfo_table	1
2015_06_03_054529_create_users_groups_table	1
2015_06_03_054529_create_vods_table	1
2015_06_03_054529_create_vodvotes_table	1
2015_09_24_174220_create_players_table	1
2015_09_27_011424_create_guides_table	1
2015_10_06_004309_entrust_setup_tables	1
2015_10_21_060211_create_attacks_table	1
2015_11_12_012311_guidebody	1
2015_11_12_014352_create_guide_bodies_table	1
\.


--
-- Data for Name: moves; Type: TABLE DATA; Schema: smashlounge; Owner: postgres
--

COPY smashlounge.moves (id, name) FROM stdin;
1	B Moves
2	Jab
3	Tilt
4	Smash
5	Aerials
6	Ground Options
7	Defensive Options
\.


--
-- Name: moves_id_seq; Type: SEQUENCE SET; Schema: smashlounge; Owner: postgres
--

SELECT pg_catalog.setval('smashlounge.moves_id_seq', 7, true);


--
-- Data for Name: password_resets; Type: TABLE DATA; Schema: smashlounge; Owner: postgres
--

COPY smashlounge.password_resets (email, token, created_at) FROM stdin;
\.


--
-- Data for Name: permission_role; Type: TABLE DATA; Schema: smashlounge; Owner: postgres
--

COPY smashlounge.permission_role (permission_id, role_id) FROM stdin;
\.


--
-- Data for Name: permissions; Type: TABLE DATA; Schema: smashlounge; Owner: postgres
--

COPY smashlounge.permissions (id, name, display_name, description, created_at, updated_at) FROM stdin;
\.


--
-- Name: permissions_id_seq; Type: SEQUENCE SET; Schema: smashlounge; Owner: postgres
--

SELECT pg_catalog.setval('smashlounge.permissions_id_seq', 1, true);


--
-- Data for Name: players; Type: TABLE DATA; Schema: smashlounge; Owner: postgres
--

COPY smashlounge.players (id, name, sponsor, "desc", rank, garpr, region) FROM stdin;
1	PewPewU	CLG		10	53c646848ab65f6d52f2e09a	NorCal
\.


--
-- Name: players_id_seq; Type: SEQUENCE SET; Schema: smashlounge; Owner: postgres
--

SELECT pg_catalog.setval('smashlounge.players_id_seq', 1, true);


--
-- Data for Name: role_user; Type: TABLE DATA; Schema: smashlounge; Owner: postgres
--

COPY smashlounge.role_user (user_id, role_id) FROM stdin;
1	1
1	2
2	2
\.


--
-- Data for Name: roles; Type: TABLE DATA; Schema: smashlounge; Owner: postgres
--

COPY smashlounge.roles (id, name, display_name, description, created_at, updated_at) FROM stdin;
1	moderator	moderator	For Moderating	\N	\N
2	contributor	contributor	For editing frame data	\N	\N
\.


--
-- Name: roles_id_seq; Type: SEQUENCE SET; Schema: smashlounge; Owner: postgres
--

SELECT pg_catalog.setval('smashlounge.roles_id_seq', 2, true);


--
-- Data for Name: submissions; Type: TABLE DATA; Schema: smashlounge; Owner: postgres
--

COPY smashlounge.submissions (id, url, source, description, pageid, dataid, created_at, updated_at) FROM stdin;
22	http://jdevvxdosbjg.com/	http://jdevvxdosbjg.com/	1vcS4W  <a href="http://fxkciyhsvolf.com/">fxkciyhsvolf</a>, [url=http://opdtvgmnphjb.com/]opdtvgmnphjb[/url], [link=http://jgtyjmxmbnyt.com/]jgtyjmxmbnyt[/link], http://blcftunlxhgg.com/	1	8	2019-01-21 12:49:00-05	2019-01-21 12:49:00-05
\.


--
-- Name: submissions_id_seq; Type: SEQUENCE SET; Schema: smashlounge; Owner: postgres
--

SELECT pg_catalog.setval('smashlounge.submissions_id_seq', 22, true);


--
-- Data for Name: submissionsgroup; Type: TABLE DATA; Schema: smashlounge; Owner: postgres
--

COPY smashlounge.submissionsgroup (id, name, facebook, latitude, longitude, region, game, created_at, updated_at) FROM stdin;
\.


--
-- Name: submissionsgroup_id_seq; Type: SEQUENCE SET; Schema: smashlounge; Owner: postgres
--

SELECT pg_catalog.setval('smashlounge.submissionsgroup_id_seq', 1, true);


--
-- Data for Name: submissionstech; Type: TABLE DATA; Schema: smashlounge; Owner: postgres
--

COPY smashlounge.submissionstech (id, name, description, ssbwiki, created_at, updated_at) FROM stdin;
\.


--
-- Name: submissionstech_id_seq; Type: SEQUENCE SET; Schema: smashlounge; Owner: postgres
--

SELECT pg_catalog.setval('smashlounge.submissionstech_id_seq', 1, true);


--
-- Data for Name: submissionstournament; Type: TABLE DATA; Schema: smashlounge; Owner: postgres
--

COPY smashlounge.submissionstournament (id, title, fb_id, bracket, start, "end", first, second, third, stream, attending, location, host, created_at, updated_at) FROM stdin;
\.


--
-- Name: submissionstournament_id_seq; Type: SEQUENCE SET; Schema: smashlounge; Owner: postgres
--

SELECT pg_catalog.setval('smashlounge.submissionstournament_id_seq', 1, true);


--
-- Data for Name: submissionsvod; Type: TABLE DATA; Schema: smashlounge; Owner: postgres
--

COPY smashlounge.submissionsvod (id, url, title, credit, typeid, dataid, description, created_at, updated_at) FROM stdin;
\.


--
-- Name: submissionsvod_id_seq; Type: SEQUENCE SET; Schema: smashlounge; Owner: postgres
--

SELECT pg_catalog.setval('smashlounge.submissionsvod_id_seq', 1, true);


--
-- Data for Name: techs; Type: TABLE DATA; Schema: smashlounge; Owner: postgres
--

COPY smashlounge.techs (id, tech, description, smashwiki, inputs, created_at, updated_at) FROM stdin;
1	Wave Dash	A wavedash is a technique in Super Smash Bros. Melee that is performed by air dodging diagonally into the ground, causing the character to slide a short distance.	http://www.ssbwiki.com/wavedash	(Jump)->immediate (Diagonal Air Dodge)	\N	\N
2	Multi Shine	A double shine (or multi shine, triple shine, etc.) is the repeated use of Reflector as an attack by either Fox or Falco. It is performed by jump-cancelling a Reflector and using a second Reflector just after leaving the ground, timed so that Fox or Falco will quickly land and allow the pattern to be repeated.	http://www.ssbwiki.com/Double_shine	(Down + B) , (Jump) , (Down + B)	\N	\N
4	L Cancel	A technique that allows characters to act faster than usual when landing in the middle of an aerial attack.	http://www.ssbwiki.com/L-canceling	(L or R or Z) within 7 frames of landing 	\N	\N
5	Short hop	The act of pressing the jump button and letting go before the character leaves the ground. This will result in a jump that is lower than a normal jump.	http://www.ssbwiki.com/Short_hop	(QUICK Jump)	\N	\N
6	Ledge Hop	Edge hopping is a technique used to return on-stage from the ledge. It entails dropping from the ledge (by pressing either "back" or "down" on the control stick) and immediately double-jumping.	http://www.ssbwiki.com/Edge_hopping	(Down or Back) , (Jump)	\N	\N
7	Pivot	Using the frame at which a character turns during a dash-dance, in which any normal ground options are available as if the character were standing still.	http://www.ssbwiki.com/Pivoting	(Left) , (Right) or vice versa.	\N	\N
8	Wall Jump	A technique some characters can use to jump away from walls. Captain Falcon, Falco, Fox, Mario, Pichu, Samus, Young Link, and Sheik can all wall jump.	http://www.ssbwiki.com/Wall_jump	(Away from wall) upon touching.	\N	\N
10	Crouch Cancel	By crouching before getting hit by an attack, some aspects of the attack will be weakened. Both knockback and hitstun will be lessened.	http://www.ssbwiki.com/Crouch_cancel	(CROUCH) before impending attack.	\N	\N
11	Dash Dance	Dash-dancing is performed by tapping the analog stick left and right rapidly while on the ground, effectively dashing to the left and to the right alternately.	http://www.ssbwiki.com/Dash-dancing	(Left), (Right)	\N	\N
12	Meteor Cancel	Meteor cancelling is the act of instantly negating the downwards knockback of a meteor smash by jumping or using an up b after being hit.	http://www.ssbwiki.com/Meteor_smash#Meteor_cancelling	(Jump or Up B) after being hit	\N	\N
13	Ledge Stall	A technique that allows your character to re-grab the ledge with slight invulnerability.	http://www.ssbwiki.com/Ledgestall	(Character Dependent)	\N	\N
16	Wall Tech	The act of teching off of a wall during hitstun	http://www.ssbwiki.com/tech#Wall_tech	(L or R) before landing in falling animation	\N	\N
17	Jump Canceled Grab	Cancelling a jump before grabbing allows your character to perform a standing grab. This is a vital technique when running in for a grab because it replaces the slow dash-grab with a quicker standing grab.	http://www.ssbwiki.com/Jump-canceled_grab	(Jump) followed immediately by (Z)	\N	\N
18	Jump Canceled Up Smash	A jump-canceled up smash (JC up-smash) is a technique where a character interrupts a dash or run with a jump, which itself is then jump-canceled with an up-smash.		(Jump) followed immediately by (Up Smash)	\N	\N
19	Tech	Used to quickly recover from a falling animation before landing. You can choose to tech neutral, right roll, or left roll.	http://www.ssbwiki.com/tech	(L or R or Z) upon landing	\N	\N
20	Directional Influence	Changing the angle of trajectory with the analog stick while being hit.	http://www.ssbwiki.com/Directional_influence	(Direction)[hold] after being hit	\N	\N
21	Wave Land	Wavelands are wavedashes performed when jumping onto platforms to increase mobility across the stage. It can also be used when falling from an empty hop to fake out or bait opponents.	http://www.ssbwiki.com/wavedash#Wavelanding	(wavedash before landing)	\N	\N
22	Short Hop Laser	Shorthop lasers take advantage of canceling the ending lag of Falco's lasers by landing. By short hopping, firing a laser, and fast falling, Falco can fire lasers at a much faster rate than when standing. Combining this added mobility while firing lasers will help lock down and stop an opponents approach. 	http://supersmashbros.wikia.com/wiki/Short_hop_laser	(Jump), (Fast Fall), (Laser)	\N	\N
23	Power Shielding	 Using your shield against projectiles right when an attack's hitbox is about to connect will reflect the projectile in the opposite direction, dealing 50% damage and knockback	http://www.ssbwiki.com/Powershield	(L or R) right before an attack	\N	\N
24	Float Canceling	Float canceling is a bug relating to floating. If Peach uses an aerial attack while floating, landing during the attack (whether still floating or not) will skip landing lag entirely and result in a normal landing instead.	http://www.ssbwiki.com/Floating#Float_canceling		\N	\N
25	Jab Reset	Jab resets is a technique that is performed by jabbing an opponent while they are knocked down. The jab will force the opponent to stand up, where the opponent can then hit them with almost any move they desire	http://www.ssbwiki.com/jab_reset	(a)	\N	\N
26	Tech Chasing	tech chasing is the act of following your opponent after a knockdown. There are three options of techs, left roll, right roll, and neutral. Tech chasing is the act of punishing either of the three options with an attack	http://www.ssbwiki.com/Tech-chasing		\N	\N
27	Wave Shine	A wave shine is a wavedash done immediately out of a shine. It can be done by Fox and Falco.	http://www.ssbwiki.com/Waveshine	(Down + B) followed by (Wave Dash)	\N	\N
28	Moonwalk	A technique that allows for the character to move in the opposite direction while dashing. This move can be done by all characters, and is often used to gain backwards momentum for a jump. If done correctly, it can be crucial for edgeguarding and ledge grabbing.\n	http://www.ssbwiki.com/Moonwalk		\N	\N
31	Shield Drop	A technique that allows for your character to smoothly fall through a soft platform while shielding	http://www.ssbwiki.com/Shield_platform_dropping		\N	\N
33	Aerial Interrupt	Use an aerial attack in a way that causes you to land on a platform which would not have happened without the aerial attack. The reason is a downward shift of your character's environment collision box (ECB) bound to the attack or, more specifically, your character's bone alignment on a given frame.	www.ssbwiki.com/Aerial_interrupt		\N	\N
34	Edge Hog	Grabbing the ledge so other characters can't grab it.	www.ssbwiki.com/Edge-hogging		\N	\N
35	Run Cancel	During a character's running animation, holding down will cancel the run into a crouch.	www.ssbwiki.com/Dash-canceling#Crouching_.28Melee_only.29		\N	\N
36	V Cancel	V-canceling is the act of reducing the X & Y knockback velocity of a received attack by 5%. The player receiving the attack must be in the air when the collision between the hitbox and hurtbox occurs. The receiving player must press the L or R button fully within 3 frames of the attack.	http://www.ssbwiki.com/V-cancelling	(L or R) within 3 frames	\N	\N
37	Sacred Combo	A Captain Falcon combo performed by knocking an opponent off-stage, and following it up with a mid-air Falcon Punch. A true Sacred Combo risks the life of the Falcon player, as they must jump so far off the ledge to land the Falcon Punch that they risk not being able to make it back to stage.  	http://www.ssbwiki.com/Falcon_Punch#In_Super_Smash_Bros._Melee		2015-11-18 22:08:25-05	2015-11-18 22:08:25-05
38	Fox Trot	A technique in all four smash games that consists of moving along the ground by repeatedly executing characters' initial dash animation, as opposed to using their full dash. With some characters, the initial dash animation is faster than the full dash animation, which makes running faster with Fox Trotting as opposed to just dashing.	http://www.ssbwiki.com/Fox-trotting		2015-11-18 22:14:46-05	2015-11-18 22:14:46-05
39	Boost Grab	Boost grabbing is a technique in which the momentum from a character's dash attack is transferred into a dash grab, resulting in a longer ranged dash grab. To perform the boost grab, the player must first dash. Then, press the attack button while dashing to perform a dash attack, then press the grab button immediately within the first frame to grab. If done correctly, the dash attack will be cance	http://www.ssbwiki.com/Boost_grab		2015-11-18 22:24:58-05	2015-11-18 22:24:58-05
40	Wobbling	A technique that allows the Ice Climber to keep another player in an indefinite grab. The tech is performed by getting one Ice Climber to grab the opponent and getting the cpu ice climber to f-tlit or d-tilt the opponent. This is a majority of the reason Ice Climbers are considered high tier because one grab under the right conditions can lead to death.	https://www.ssbwiki.com/wobbling		2017-11-30 00:22:41-05	2017-11-30 00:22:41-05
\.


--
-- Name: techs_id_seq; Type: SEQUENCE SET; Schema: smashlounge; Owner: postgres
--

SELECT pg_catalog.setval('smashlounge.techs_id_seq', 40, true);


--
-- Data for Name: throttle; Type: TABLE DATA; Schema: smashlounge; Owner: postgres
--

COPY smashlounge.throttle (id, user_id, ip_address, attempts, suspended, banned, last_attempt_at, suspended_at, banned_at) FROM stdin;
\.


--
-- Name: throttle_id_seq; Type: SEQUENCE SET; Schema: smashlounge; Owner: postgres
--

SELECT pg_catalog.setval('smashlounge.throttle_id_seq', 1, true);


--
-- Data for Name: upcoming; Type: TABLE DATA; Schema: smashlounge; Owner: postgres
--

COPY smashlounge.upcoming (id, title, fb_id, bracket, class, start, "end", first, second, third, stream, attending, location, host, vods) FROM stdin;
\.


--
-- Name: upcoming_id_seq; Type: SEQUENCE SET; Schema: smashlounge; Owner: postgres
--

SELECT pg_catalog.setval('smashlounge.upcoming_id_seq', 1, true);


--
-- Data for Name: userinfo; Type: TABLE DATA; Schema: smashlounge; Owner: postgres
--

COPY smashlounge.userinfo (id, image, facebook, location, twitch, userid, vod, twitter, main, sponsor, latitude, longitude, friendcode, garpr) FROM stdin;
\.


--
-- Name: userinfo_id_seq; Type: SEQUENCE SET; Schema: smashlounge; Owner: postgres
--

SELECT pg_catalog.setval('smashlounge.userinfo_id_seq', 1, true);


--
-- Data for Name: users; Type: TABLE DATA; Schema: smashlounge; Owner: postgres
--

COPY smashlounge.users (id, name, email, password, remember_token, created_at, updated_at) FROM stdin;
1	Logan	logan6694@gmail.com	$2y$10$x30xuuMuT1YHfJB1FBft2O0HhF0vnqnRycJS.HYMT7.WmE4TQAxru	7bBPuMrOfjwosXBTdOaC8gX02PkuzzRN7Z6WPn3DOlwmKqSkH0TAcNJLlget	2015-10-09 14:55:55-04	2017-08-13 20:09:11-04
2	schmoo	will_beats@hotmail.co.uk	$2y$10$zPbpeUOyFmdoK9d8QxxV.eGSqkWXX1IgHEOLcRG/Flk7C1nyK37zy	\N	2015-11-25 17:45:53-05	2015-11-25 17:45:53-05
\.


--
-- Data for Name: users_groups; Type: TABLE DATA; Schema: smashlounge; Owner: postgres
--

COPY smashlounge.users_groups (id, user_id, group_id) FROM stdin;
\.


--
-- Name: users_groups_id_seq; Type: SEQUENCE SET; Schema: smashlounge; Owner: postgres
--

SELECT pg_catalog.setval('smashlounge.users_groups_id_seq', 1, true);


--
-- Name: users_id_seq; Type: SEQUENCE SET; Schema: smashlounge; Owner: postgres
--

SELECT pg_catalog.setval('smashlounge.users_id_seq', 2, true);


--
-- Data for Name: vods; Type: TABLE DATA; Schema: smashlounge; Owner: postgres
--

COPY smashlounge.vods (id, url, title, update_date, score, credit, typeid, dataid, submitted_by, description) FROM stdin;
1	RBH4Z_vz1fk	Westballz imprisoned by destiny. . . Again	2015-04-16 08:25:11-04	0	GRSmash	3	0		RIP Westballz
2	qUiAZltrWwo	[Falco] Multi-shine Tutorial - feat. Squid (Advanced Level) - SSBM	2015-04-16 09:04:50-04	0	SSBM Tutorials	1	0		A quick tutorial on Multi-shine with Falco
4	Kr5y0-W9YVo	Cort (Marth) vs PC Chris (Fox) 2	2015-04-16 09:11:56-04	0	raserucort	2	0		One of the fastest matches in Melee
5	OSxVR_QGPoI	PewFat	2015-04-13 00:46:02-04	0	SFAT	6	0		PewPewU and SFAT demonstrating great teams synergy many years ago
6	8orJkb0LtaE	Shroomed - "IM NOT YELLING" (nsfw)	2015-04-13 00:50:20-04	0	ShowDown Smash	3	0		Shroomed going off at a recent "Get Smashed at the Foundry event".
8	JLuFpmoKUVQ	Melee Impossible - The Combo Video (TAS)	2015-04-13 00:29:22-04	0	antdgar2	3	0		Some insane tool assisted combos
9	vsr4M6r0B2Q	Smash Bros is a Freaking Blast	2015-04-13 00:35:27-04	0	The Toasty Knight	5	0		A PewPewU Combo Video
10	kKsEobD1pew	PewPewUniversity - A lesson on Sheild Stops	2015-04-13 00:46:52-04	0	PewPewU	4	0		Shield Stop
11	V3hjjNLCcMQ	PewPewUniversity - a lesson on Run Cancels	2015-04-13 00:46:54-04	0	pewpewu	4	0		Run Canceling
12	J_aqH9sJnbU	PewPewUniversity - a lesson on pivoting	2015-04-13 00:05:54-04	0	PewPewU	4	0		A quick lesson on pivoting by PewPewU
13	XhujDoRBXeY	PewPewUniversity - a lesson on No Impact Landing (NIL)	2015-04-13 00:06:34-04	0	PewPewU	4	0		No Impact Landing
14	ffUQu-lYanE	PewPewUniversity - a lesson on Jump Cancels (JC)	2015-04-13 00:07:25-04	0	PewPewU	4	0		Use Jump Cancels to speed up your grabs and smash attacks
15	mMlKbBGPalw	PewPewUniversity: a lesson on Applying Jump Cancels	2015-04-13 00:07:58-04	0	pewpewu	4	0		A quick tutorial on how to implement Jump Cancels
16	lFKymA7cOlY	PewPewUniversity - a lesson on Ledge Mechanics	2015-04-13 00:08:49-04	0	PewPewU	4	0		Learn how to use the ledge to your advantage!
17	cHdGq9n7euM	PewPewUniversity - a lesson on Fox Trot	2015-04-13 00:09:38-04	0	PewPewU	4	0		Learn the benefits of using a Fox Trot to properly space your character
18	6NraGXDMuVw	PewPewUniversity - a lesson on Cactuar Dash	2015-04-13 00:12:56-04	0	PewPewUniversity	4	0		PewPewU demonstrating how to use run canceling to dash efficiently
19	GyaBMhRquZA	PewPewUniversity - a lesson on Edge Cancel	2015-04-13 00:13:34-04	0	PewPewU	4	0		Learn how to optimize your aerial attacks with Edge Canceling
20	aHcobQHiyYU	PewPewUniversity: a lesson on Shine Turnaround	2015-04-13 00:14:12-04	0	PewPewU	4	0		Learn how to use use Shine to gain advantages as Fox and Falco
21	FIGE-68RTDo	PewPewUniversity - Auto Cancel Aerial	2015-04-13 00:15:04-04	0	PewPewU	4	0		Use Auto Canceling to speed up your aerial approach game!
22	hjHTHYa_x1c	PewPewUniversity - Weight Class vs Fall Speed	2015-04-13 00:15:50-04	0	PewPewU	4	0		PewPewU describes some game mechanics in great detail! Great for new players.
23	DNXPMf2UOck	PewPewUniversity - Wall Tech	2015-04-13 00:16:41-04	0	PewPewU	4	0		Watch and learn how to effectively use a wall to do some stylish things
24	-LdZxzGjywE	Hax combo video	2015-04-13 00:32:48-04	0	GRsmash	5	0		The top 10 Hax Falcon combos. Enjoy the super fast, technical gameplay.
25	HfuVQN5cwy0	[Marth] Neutral Game Tutorial - SSBM	2015-04-13 00:38:06-04	0	SSBM Tutorials	1	0		SSBM Tutorials video guide introducing the neutral game.
26	4n4s5yB7ZkE	Advanced How To Play (SSBM) Part 1	2015-04-13 00:39:56-04	0	Wak017	1	0		A great introduction into Technical SSBM.
27	xiZLs2doK8E	Advanced How To Play (SSBM) Part 2	2015-04-13 00:40:57-04	0	Wak017	1	0		Part 2 of the introductory series
28	PFmGIOcWdsM	Advanced How To Play (SSBM) Part 3	2015-04-13 00:41:35-04	0	Wak017	1	0		The final installment of this intro series
29	vXgpGBbh5r8	How Fast Is Melee?	2015-04-13 00:43:15-04	0	Acryte	1	0		A technique video demonstrating the speed at which Melee can be played
30	s63pPeyWasw	739 Mew2King Edgeguards (With Marth)	2015-04-13 00:45:28-04	0	Ben Burdett	3	0		Enjoy this endless video of edgeguards with Marth, and just maybe you'll be able to pull them off when needed
31	n6vqWxTku8I	The Legend of FalcoMaster3000	2015-04-13 00:48:08-04	0	Super Smash Bros University	3	0		A masked vigilante showed up at a smash bros meetup with a ski mask and sunglasses. He didn't say a word for 9 entire hours, beat everyone there and won the bracket, gave a thumbs up and left without saying a word.
\.


--
-- Name: vods_id_seq; Type: SEQUENCE SET; Schema: smashlounge; Owner: postgres
--

SELECT pg_catalog.setval('smashlounge.vods_id_seq', 31, true);


--
-- Data for Name: vodvotes; Type: TABLE DATA; Schema: smashlounge; Owner: postgres
--

COPY smashlounge.vodvotes (id, vodid, voterid, direction) FROM stdin;
1	27	2	t
2	2	2	t
3	25	2	t
4	28	2	t
5	29	2	t
6	26	2	t
7	4	2	t
8	2	4	t
9	27	4	t
10	28	4	t
11	29	4	t
\.


--
-- Name: vodvotes_id_seq; Type: SEQUENCE SET; Schema: smashlounge; Owner: postgres
--

SELECT pg_catalog.setval('smashlounge.vodvotes_id_seq', 11, true);


--
-- Name: idx_16388_primary; Type: CONSTRAINT; Schema: smashlounge; Owner: postgres; Tablespace: 
--

ALTER TABLE ONLY smashlounge.attacks
    ADD CONSTRAINT idx_16388_primary PRIMARY KEY (id);


--
-- Name: idx_16397_primary; Type: CONSTRAINT; Schema: smashlounge; Owner: postgres; Tablespace: 
--

ALTER TABLE ONLY smashlounge.charinfo
    ADD CONSTRAINT idx_16397_primary PRIMARY KEY (id);


--
-- Name: idx_16406_primary; Type: CONSTRAINT; Schema: smashlounge; Owner: postgres; Tablespace: 
--

ALTER TABLE ONLY smashlounge.chartech
    ADD CONSTRAINT idx_16406_primary PRIMARY KEY (id);


--
-- Name: idx_16412_primary; Type: CONSTRAINT; Schema: smashlounge; Owner: postgres; Tablespace: 
--

ALTER TABLE ONLY smashlounge.framedatajson
    ADD CONSTRAINT idx_16412_primary PRIMARY KEY (id);


--
-- Name: idx_16421_primary; Type: CONSTRAINT; Schema: smashlounge; Owner: postgres; Tablespace: 
--

ALTER TABLE ONLY smashlounge.framedatamoves
    ADD CONSTRAINT idx_16421_primary PRIMARY KEY (id);


--
-- Name: idx_16427_primary; Type: CONSTRAINT; Schema: smashlounge; Owner: postgres; Tablespace: 
--

ALTER TABLE ONLY smashlounge.friends
    ADD CONSTRAINT idx_16427_primary PRIMARY KEY (id);


--
-- Name: idx_16433_primary; Type: CONSTRAINT; Schema: smashlounge; Owner: postgres; Tablespace: 
--

ALTER TABLE ONLY smashlounge.gifs
    ADD CONSTRAINT idx_16433_primary PRIMARY KEY (id);


--
-- Name: idx_16444_primary; Type: CONSTRAINT; Schema: smashlounge; Owner: postgres; Tablespace: 
--

ALTER TABLE ONLY smashlounge.gifvotes
    ADD CONSTRAINT idx_16444_primary PRIMARY KEY (id);


--
-- Name: idx_16450_primary; Type: CONSTRAINT; Schema: smashlounge; Owner: postgres; Tablespace: 
--

ALTER TABLE ONLY smashlounge.groups
    ADD CONSTRAINT idx_16450_primary PRIMARY KEY (id);


--
-- Name: idx_16459_primary; Type: CONSTRAINT; Schema: smashlounge; Owner: postgres; Tablespace: 
--

ALTER TABLE ONLY smashlounge.guidebody
    ADD CONSTRAINT idx_16459_primary PRIMARY KEY (id);


--
-- Name: idx_16468_primary; Type: CONSTRAINT; Schema: smashlounge; Owner: postgres; Tablespace: 
--

ALTER TABLE ONLY smashlounge.guides
    ADD CONSTRAINT idx_16468_primary PRIMARY KEY (id);


--
-- Name: idx_16477_primary; Type: CONSTRAINT; Schema: smashlounge; Owner: postgres; Tablespace: 
--

ALTER TABLE ONLY smashlounge.guide_bodies
    ADD CONSTRAINT idx_16477_primary PRIMARY KEY (id);


--
-- Name: idx_16483_primary; Type: CONSTRAINT; Schema: smashlounge; Owner: postgres; Tablespace: 
--

ALTER TABLE ONLY smashlounge.locals
    ADD CONSTRAINT idx_16483_primary PRIMARY KEY (id);


--
-- Name: idx_16492_primary; Type: CONSTRAINT; Schema: smashlounge; Owner: postgres; Tablespace: 
--

ALTER TABLE ONLY smashlounge.moves
    ADD CONSTRAINT idx_16492_primary PRIMARY KEY (id);


--
-- Name: idx_16504_primary; Type: CONSTRAINT; Schema: smashlounge; Owner: postgres; Tablespace: 
--

ALTER TABLE ONLY smashlounge.permissions
    ADD CONSTRAINT idx_16504_primary PRIMARY KEY (id);


--
-- Name: idx_16511_primary; Type: CONSTRAINT; Schema: smashlounge; Owner: postgres; Tablespace: 
--

ALTER TABLE ONLY smashlounge.permission_role
    ADD CONSTRAINT idx_16511_primary PRIMARY KEY (permission_id, role_id);


--
-- Name: idx_16516_primary; Type: CONSTRAINT; Schema: smashlounge; Owner: postgres; Tablespace: 
--

ALTER TABLE ONLY smashlounge.players
    ADD CONSTRAINT idx_16516_primary PRIMARY KEY (id);


--
-- Name: idx_16525_primary; Type: CONSTRAINT; Schema: smashlounge; Owner: postgres; Tablespace: 
--

ALTER TABLE ONLY smashlounge.roles
    ADD CONSTRAINT idx_16525_primary PRIMARY KEY (id);


--
-- Name: idx_16532_primary; Type: CONSTRAINT; Schema: smashlounge; Owner: postgres; Tablespace: 
--

ALTER TABLE ONLY smashlounge.role_user
    ADD CONSTRAINT idx_16532_primary PRIMARY KEY (user_id, role_id);


--
-- Name: idx_16537_primary; Type: CONSTRAINT; Schema: smashlounge; Owner: postgres; Tablespace: 
--

ALTER TABLE ONLY smashlounge.submissions
    ADD CONSTRAINT idx_16537_primary PRIMARY KEY (id);


--
-- Name: idx_16546_primary; Type: CONSTRAINT; Schema: smashlounge; Owner: postgres; Tablespace: 
--

ALTER TABLE ONLY smashlounge.submissionsgroup
    ADD CONSTRAINT idx_16546_primary PRIMARY KEY (id);


--
-- Name: idx_16554_primary; Type: CONSTRAINT; Schema: smashlounge; Owner: postgres; Tablespace: 
--

ALTER TABLE ONLY smashlounge.submissionstech
    ADD CONSTRAINT idx_16554_primary PRIMARY KEY (id);


--
-- Name: idx_16563_primary; Type: CONSTRAINT; Schema: smashlounge; Owner: postgres; Tablespace: 
--

ALTER TABLE ONLY smashlounge.submissionstournament
    ADD CONSTRAINT idx_16563_primary PRIMARY KEY (id);


--
-- Name: idx_16572_primary; Type: CONSTRAINT; Schema: smashlounge; Owner: postgres; Tablespace: 
--

ALTER TABLE ONLY smashlounge.submissionsvod
    ADD CONSTRAINT idx_16572_primary PRIMARY KEY (id);


--
-- Name: idx_16581_primary; Type: CONSTRAINT; Schema: smashlounge; Owner: postgres; Tablespace: 
--

ALTER TABLE ONLY smashlounge.techs
    ADD CONSTRAINT idx_16581_primary PRIMARY KEY (id);


--
-- Name: idx_16590_primary; Type: CONSTRAINT; Schema: smashlounge; Owner: postgres; Tablespace: 
--

ALTER TABLE ONLY smashlounge.throttle
    ADD CONSTRAINT idx_16590_primary PRIMARY KEY (id);


--
-- Name: idx_16599_primary; Type: CONSTRAINT; Schema: smashlounge; Owner: postgres; Tablespace: 
--

ALTER TABLE ONLY smashlounge.upcoming
    ADD CONSTRAINT idx_16599_primary PRIMARY KEY (id);


--
-- Name: idx_16609_primary; Type: CONSTRAINT; Schema: smashlounge; Owner: postgres; Tablespace: 
--

ALTER TABLE ONLY smashlounge.userinfo
    ADD CONSTRAINT idx_16609_primary PRIMARY KEY (id);


--
-- Name: idx_16618_primary; Type: CONSTRAINT; Schema: smashlounge; Owner: postgres; Tablespace: 
--

ALTER TABLE ONLY smashlounge.users
    ADD CONSTRAINT idx_16618_primary PRIMARY KEY (id);


--
-- Name: idx_16627_primary; Type: CONSTRAINT; Schema: smashlounge; Owner: postgres; Tablespace: 
--

ALTER TABLE ONLY smashlounge.users_groups
    ADD CONSTRAINT idx_16627_primary PRIMARY KEY (id);


--
-- Name: idx_16633_primary; Type: CONSTRAINT; Schema: smashlounge; Owner: postgres; Tablespace: 
--

ALTER TABLE ONLY smashlounge.vods
    ADD CONSTRAINT idx_16633_primary PRIMARY KEY (id);


--
-- Name: idx_16643_primary; Type: CONSTRAINT; Schema: smashlounge; Owner: postgres; Tablespace: 
--

ALTER TABLE ONLY smashlounge.vodvotes
    ADD CONSTRAINT idx_16643_primary PRIMARY KEY (id);


--
-- Name: idx_16450_groups_name_unique; Type: INDEX; Schema: smashlounge; Owner: postgres; Tablespace: 
--

CREATE UNIQUE INDEX idx_16450_groups_name_unique ON smashlounge.groups USING btree (name);


--
-- Name: idx_16496_password_resets_email_index; Type: INDEX; Schema: smashlounge; Owner: postgres; Tablespace: 
--

CREATE INDEX idx_16496_password_resets_email_index ON smashlounge.password_resets USING btree (email);


--
-- Name: idx_16496_password_resets_token_index; Type: INDEX; Schema: smashlounge; Owner: postgres; Tablespace: 
--

CREATE INDEX idx_16496_password_resets_token_index ON smashlounge.password_resets USING btree (token);


--
-- Name: idx_16504_permissions_name_unique; Type: INDEX; Schema: smashlounge; Owner: postgres; Tablespace: 
--

CREATE UNIQUE INDEX idx_16504_permissions_name_unique ON smashlounge.permissions USING btree (name);


--
-- Name: idx_16511_permission_role_role_id_foreign; Type: INDEX; Schema: smashlounge; Owner: postgres; Tablespace: 
--

CREATE INDEX idx_16511_permission_role_role_id_foreign ON smashlounge.permission_role USING btree (role_id);


--
-- Name: idx_16525_roles_name_unique; Type: INDEX; Schema: smashlounge; Owner: postgres; Tablespace: 
--

CREATE UNIQUE INDEX idx_16525_roles_name_unique ON smashlounge.roles USING btree (name);


--
-- Name: idx_16532_role_user_role_id_foreign; Type: INDEX; Schema: smashlounge; Owner: postgres; Tablespace: 
--

CREATE INDEX idx_16532_role_user_role_id_foreign ON smashlounge.role_user USING btree (role_id);


--
-- Name: idx_16590_fk_user_id; Type: INDEX; Schema: smashlounge; Owner: postgres; Tablespace: 
--

CREATE INDEX idx_16590_fk_user_id ON smashlounge.throttle USING btree (user_id);


--
-- Name: idx_16609_userid; Type: INDEX; Schema: smashlounge; Owner: postgres; Tablespace: 
--

CREATE UNIQUE INDEX idx_16609_userid ON smashlounge.userinfo USING btree (userid);


--
-- Name: idx_16618_users_email_unique; Type: INDEX; Schema: smashlounge; Owner: postgres; Tablespace: 
--

CREATE UNIQUE INDEX idx_16618_users_email_unique ON smashlounge.users USING btree (email);


--
-- Name: permission_role_permission_id_foreign; Type: FK CONSTRAINT; Schema: smashlounge; Owner: postgres
--

ALTER TABLE ONLY smashlounge.permission_role
    ADD CONSTRAINT permission_role_permission_id_foreign FOREIGN KEY (permission_id) REFERENCES smashlounge.permissions(id) ON UPDATE CASCADE ON DELETE CASCADE;


--
-- Name: permission_role_role_id_foreign; Type: FK CONSTRAINT; Schema: smashlounge; Owner: postgres
--

ALTER TABLE ONLY smashlounge.permission_role
    ADD CONSTRAINT permission_role_role_id_foreign FOREIGN KEY (role_id) REFERENCES smashlounge.roles(id) ON UPDATE CASCADE ON DELETE CASCADE;


--
-- Name: role_user_role_id_foreign; Type: FK CONSTRAINT; Schema: smashlounge; Owner: postgres
--

ALTER TABLE ONLY smashlounge.role_user
    ADD CONSTRAINT role_user_role_id_foreign FOREIGN KEY (role_id) REFERENCES smashlounge.roles(id) ON UPDATE CASCADE ON DELETE CASCADE;


--
-- Name: role_user_user_id_foreign; Type: FK CONSTRAINT; Schema: smashlounge; Owner: postgres
--

ALTER TABLE ONLY smashlounge.role_user
    ADD CONSTRAINT role_user_user_id_foreign FOREIGN KEY (user_id) REFERENCES smashlounge.users(id) ON UPDATE CASCADE ON DELETE CASCADE;


--
-- Name: SCHEMA public; Type: ACL; Schema: -; Owner: postgres
--

REVOKE ALL ON SCHEMA public FROM PUBLIC;
REVOKE ALL ON SCHEMA public FROM postgres;
GRANT ALL ON SCHEMA public TO postgres;
GRANT ALL ON SCHEMA public TO PUBLIC;


--
-- PostgreSQL database dump complete
--

